id,timestamp,source,text,company,sentiment_score,event_type,impact_score,confidence,explanation
API-1790887684151,2026-10-02 02:18:04,news,Microsoft Azure cloud revenue surged 31% beating expectations,MSFT,1.0,Earnings,10,0.75,"Impact Score 10/10 derived from |sentiment|=1.00, event weight (Earnings)=0.95, source (news)=1.00, entity (MSFT)=1.00. [Models: Financial Lexicon Fallback | Keyword Rule Fallback]"
NEWS-0001,2026-03-01 09:15:00,news,Federal Reserve signals potential rate hikes amid persistent inflation concerns. The Federal Reserve hinted at maintaining higher interest rates for longer as core inflation data remains stickier than anticipated. Markets expect tightening credit conditions across wholesale banking sectors.,JPM,-0.5,Macroeconomic,6,0.95,"Impact Score 6/10 derived from |sentiment|=0.50, event weight (Macroeconomic)=1.15, source (news)=1.00, entity (JPM)=1.00. [Models: Financial Lexicon Fallback | Keyword Rule Fallback]"
TWEET-0001,2026-03-01 09:20:00,twitter,$NVDA breaking out to new all-time highs! Datacenter demand is insane #AI #Stocks,NVDA,0.0,Other,1,0.45,"Impact Score 1/10 derived from |sentiment|=0.00, event weight (Other)=0.70, source (twitter)=0.85, entity (NVDA)=1.00. [Models: Financial Lexicon Fallback | Keyword Rule Fallback]"
TWEET-0002,2026-03-01 10:05:00,twitter,$JPM exposure to commercial real estate loans could trigger credit downgrades if rates stay high,JPM,-1.0,Macroeconomic,10,0.7,"Impact Score 10/10 derived from |sentiment|=1.00, event weight (Macroeconomic)=1.15, source (twitter)=0.85, entity (JPM)=1.00. [Models: Financial Lexicon Fallback | Keyword Rule Fallback]"
NEWS-0002,2026-03-01 10:30:00,news,"NVIDIA unveils next-gen AI superchip architecture with 3x efficiency gains. NVIDIA announced its groundbreaking new Blackwell Ultra AI architecture at its annual tech summit, promising unprecedented compute power and major corporate data center adoption.",NVDA,1.0,Product Launch,8,0.875,"Impact Score 8/10 derived from |sentiment|=1.00, event weight (Product Launch)=0.85, source (news)=1.00, entity (NVDA)=1.00. [Models: Financial Lexicon Fallback | Keyword Rule Fallback]"
NEWS-0003,2026-03-01 11:45:00,news,Geopolitical tensions in Strait of Hormuz escalate; crude oil surges 8%. Naval blockades and drone activity in key shipping lanes have disrupted global oil exports. Energy analysts warn of supply chain bottlenecks and elevated freight insurance premiums.,XOM,-0.3333,Geopolitical,4,0.925,"Impact Score 4/10 derived from |sentiment|=0.33, event weight (Geopolitical)=1.25, source (news)=1.00, entity (XOM)=1.00. [Models: Financial Lexicon Fallback | Keyword Rule Fallback]"
TWEET-0003,2026-03-01 11:50:00,twitter,Oil spiking hard today! $XOM and $CVX printing cash flow right now 🛢️📈,XOM,0.0,Other,1,0.45,"Impact Score 1/10 derived from |sentiment|=0.00, event weight (Other)=0.70, source (twitter)=0.85, entity (XOM)=1.00. [Models: Financial Lexicon Fallback | Keyword Rule Fallback]"
NEWS-0004,2026-03-01 13:00:00,news,"JPMorgan Chase reports record Q1 investment banking revenue beating estimates. JPMorgan Chase & Co. delivered blowout quarterly earnings, driven by strong advisory fees and robust net interest income despite broader market volatility.",JPM,1.0,Earnings,10,0.875,"Impact Score 10/10 derived from |sentiment|=1.00, event weight (Earnings)=0.95, source (news)=1.00, entity (JPM)=1.00. [Models: Financial Lexicon Fallback | Keyword Rule Fallback]"
TWEET-0004,2026-03-01 13:10:00,twitter,Rumors of massive layoffs and restructuring at $META incoming next week,META,0.0,Credit Event,1,0.6,"Impact Score 1/10 derived from |sentiment|=0.00, event weight (Credit Event)=1.30, source (twitter)=0.85, entity (META)=1.00. [Models: Financial Lexicon Fallback | Keyword Rule Fallback]"
NEWS-0005,2026-03-01 14:20:00,news,FDA issues unexpected warning letter to Pfizer regarding manufacturing facility. The US Food and Drug Administration issued a formal regulatory compliance notice to Pfizer concerning quality control standards at its key biologics plant.,PFE,-1.0,Regulatory,10,0.825,"Impact Score 10/10 derived from |sentiment|=1.00, event weight (Regulatory)=1.15, source (news)=1.00, entity (PFE)=1.00. [Models: Financial Lexicon Fallback | Keyword Rule Fallback]"
TWEET-0005,2026-03-01 14:30:00,twitter,Huge earnings beat for $MSFT! Azure growth completely blew past analyst consensus.,MSFT,1.0,Earnings,8,0.75,"Impact Score 8/10 derived from |sentiment|=1.00, event weight (Earnings)=0.95, source (twitter)=0.85, entity (MSFT)=1.00. [Models: Financial Lexicon Fallback | Keyword Rule Fallback]"
NEWS-0006,2026-03-01 15:45:00,news,Apple acquires promising generative AI startup for $2.4 Billion. Apple Inc. finalized a multi-billion dollar acquisition to accelerate its on-device neural processing engine capabilities ahead of the upcoming iPhone launch.,AAPL,0.0,Merger/Acquisition,1,0.675,"Impact Score 1/10 derived from |sentiment|=0.00, event weight (Merger/Acquisition)=1.05, source (news)=1.00, entity (AAPL)=1.00. [Models: Financial Lexicon Fallback | Keyword Rule Fallback]"
NEWS-0007,2026-03-02 09:00:00,news,"Regional energy supplier files for Chapter 11 bankruptcy following derivative default. A major midstream energy contractor defaulted on $500 million in senior debt obligations, raising credit contagion risks for syndicate bank lenders.",CVX,-1.0,Credit Event,10,0.95,"Impact Score 10/10 derived from |sentiment|=1.00, event weight (Credit Event)=1.30, source (news)=1.00, entity (CVX)=1.00. [Models: Financial Lexicon Fallback | Keyword Rule Fallback]"
TWEET-0006,2026-03-02 09:15:00,twitter,Regulatory scrutiny on Big Tech $GOOGL ad monopoly case wrapping up soon. High fine expected.,GOOGL,-1.0,Regulatory,10,0.825,"Impact Score 10/10 derived from |sentiment|=1.00, event weight (Regulatory)=1.15, source (twitter)=0.85, entity (GOOGL)=1.00. [Models: Financial Lexicon Fallback | Keyword Rule Fallback]"
NEWS-0008,2026-03-02 10:15:00,news,"Microsoft Cloud Azure revenue accelerates 31% year-over-year. Microsoft reported strong cloud adoption across enterprise clients, boosting commercial cloud margins and forward growth guidance.",MSFT,1.0,Earnings,10,0.875,"Impact Score 10/10 derived from |sentiment|=1.00, event weight (Earnings)=0.95, source (news)=1.00, entity (MSFT)=1.00. [Models: Financial Lexicon Fallback | Keyword Rule Fallback]"
TWEET-0007,2026-03-02 10:45:00,twitter,$AAPL Vision Pro sales surging in European markets ahead of target!,AAPL,1.0,Product Launch,7,0.7,"Impact Score 7/10 derived from |sentiment|=1.00, event weight (Product Launch)=0.85, source (twitter)=0.85, entity (AAPL)=1.00. [Models: Financial Lexicon Fallback | Keyword Rule Fallback]"
NEWS-0009,2026-03-02 11:30:00,news,EU Antitrust commission launches formal inquiry into Amazon marketplace pricing practices. European Union regulatory authorities opened an investigation into alleged anti-competitive merchant fee structures on Amazon's regional ecommerce platforms.,AMZN,-1.0,Regulatory,10,0.875,"Impact Score 10/10 derived from |sentiment|=1.00, event weight (Regulatory)=1.15, source (news)=1.00, entity (AMZN)=1.00. [Models: Financial Lexicon Fallback | Keyword Rule Fallback]"
TWEET-0008,2026-03-02 12:00:00,twitter,Uncertainty in credit markets! Moody's warning on $BAC leverage metrics.,BAC,-1.0,Geopolitical,10,0.7,"Impact Score 10/10 derived from |sentiment|=1.00, event weight (Geopolitical)=1.25, source (twitter)=0.85, entity (BAC)=1.00. [Models: Financial Lexicon Fallback | Keyword Rule Fallback]"
NEWS-0010,2026-03-02 13:45:00,news,"Tesla recalls 150,000 vehicles over steering assist software glitch. Tesla Inc announced an over-the-air recall for Model Y vehicles following consumer reports of intermittent power steering resistance during cold weather.",TSLA,-1.0,Product Launch,8,0.875,"Impact Score 8/10 derived from |sentiment|=1.00, event weight (Product Launch)=0.85, source (news)=1.00, entity (TSLA)=1.00. [Models: Financial Lexicon Fallback | Keyword Rule Fallback]"
NEWS-0011,2026-03-02 15:00:00,news,"Bank of America raises quarterly dividend by 10% following stress test approval. Bank of America Corp declared an increased capital distribution strategy, highlighting strong liquidity buffers and Tier 1 capital ratios.",BAC,1.0,Earnings,10,0.775,"Impact Score 10/10 derived from |sentiment|=1.00, event weight (Earnings)=0.95, source (news)=1.00, entity (BAC)=1.00. [Models: Financial Lexicon Fallback | Keyword Rule Fallback]"
NEWS-0012,2026-03-03 09:30:00,news,"Global semiconductor supply chain disruptions threaten auto production lines. Unforeseen factory outages in Southeast Asia have tightened microcontroller supplies, impacting global automotive assembly schedules.",TSLA,-1.0,Product Launch,8,0.75,"Impact Score 8/10 derived from |sentiment|=1.00, event weight (Product Launch)=0.85, source (news)=1.00, entity (TSLA)=1.00. [Models: Financial Lexicon Fallback | Keyword Rule Fallback]"
API-1790887835832,2026-10-02 02:20:35,news,Microsoft Azure cloud revenue surged 31% beating expectations,MSFT,1.0,Earnings,10,0.75,"Impact Score 10/10 derived from |sentiment|=1.00, event weight (Earnings)=0.95, source (news)=1.00, entity (MSFT)=1.00. [Models: Financial Lexicon Fallback | Keyword Rule Fallback]"
NEWS-0001,2026-03-01 09:15:00,news,Federal Reserve signals potential rate hikes amid persistent inflation concerns. The Federal Reserve hinted at maintaining higher interest rates for longer as core inflation data remains stickier than anticipated. Markets expect tightening credit conditions across wholesale banking sectors.,JPM,-0.5,Macroeconomic,6,0.95,"Impact Score 6/10 derived from |sentiment|=0.50, event weight (Macroeconomic)=1.15, source (news)=1.00, entity (JPM)=1.00. [Models: Financial Lexicon Fallback | Keyword Rule Fallback]"
TWEET-0001,2026-03-01 09:20:00,twitter,$NVDA breaking out to new all-time highs! Datacenter demand is insane #AI #Stocks,NVDA,0.0,Other,1,0.45,"Impact Score 1/10 derived from |sentiment|=0.00, event weight (Other)=0.70, source (twitter)=0.85, entity (NVDA)=1.00. [Models: Financial Lexicon Fallback | Keyword Rule Fallback]"
TWEET-0002,2026-03-01 10:05:00,twitter,$JPM exposure to commercial real estate loans could trigger credit downgrades if rates stay high,JPM,-1.0,Macroeconomic,10,0.7,"Impact Score 10/10 derived from |sentiment|=1.00, event weight (Macroeconomic)=1.15, source (twitter)=0.85, entity (JPM)=1.00. [Models: Financial Lexicon Fallback | Keyword Rule Fallback]"
NEWS-0002,2026-03-01 10:30:00,news,"NVIDIA unveils next-gen AI superchip architecture with 3x efficiency gains. NVIDIA announced its groundbreaking new Blackwell Ultra AI architecture at its annual tech summit, promising unprecedented compute power and major corporate data center adoption.",NVDA,1.0,Product Launch,8,0.875,"Impact Score 8/10 derived from |sentiment|=1.00, event weight (Product Launch)=0.85, source (news)=1.00, entity (NVDA)=1.00. [Models: Financial Lexicon Fallback | Keyword Rule Fallback]"
NEWS-0003,2026-03-01 11:45:00,news,Geopolitical tensions in Strait of Hormuz escalate; crude oil surges 8%. Naval blockades and drone activity in key shipping lanes have disrupted global oil exports. Energy analysts warn of supply chain bottlenecks and elevated freight insurance premiums.,XOM,-0.3333,Geopolitical,4,0.925,"Impact Score 4/10 derived from |sentiment|=0.33, event weight (Geopolitical)=1.25, source (news)=1.00, entity (XOM)=1.00. [Models: Financial Lexicon Fallback | Keyword Rule Fallback]"
TWEET-0003,2026-03-01 11:50:00,twitter,Oil spiking hard today! $XOM and $CVX printing cash flow right now 🛢️📈,XOM,0.0,Other,1,0.45,"Impact Score 1/10 derived from |sentiment|=0.00, event weight (Other)=0.70, source (twitter)=0.85, entity (XOM)=1.00. [Models: Financial Lexicon Fallback | Keyword Rule Fallback]"
NEWS-0004,2026-03-01 13:00:00,news,"JPMorgan Chase reports record Q1 investment banking revenue beating estimates. JPMorgan Chase & Co. delivered blowout quarterly earnings, driven by strong advisory fees and robust net interest income despite broader market volatility.",JPM,1.0,Earnings,10,0.875,"Impact Score 10/10 derived from |sentiment|=1.00, event weight (Earnings)=0.95, source (news)=1.00, entity (JPM)=1.00. [Models: Financial Lexicon Fallback | Keyword Rule Fallback]"
TWEET-0004,2026-03-01 13:10:00,twitter,Rumors of massive layoffs and restructuring at $META incoming next week,META,0.0,Credit Event,1,0.6,"Impact Score 1/10 derived from |sentiment|=0.00, event weight (Credit Event)=1.30, source (twitter)=0.85, entity (META)=1.00. [Models: Financial Lexicon Fallback | Keyword Rule Fallback]"
NEWS-0005,2026-03-01 14:20:00,news,FDA issues unexpected warning letter to Pfizer regarding manufacturing facility. The US Food and Drug Administration issued a formal regulatory compliance notice to Pfizer concerning quality control standards at its key biologics plant.,PFE,-1.0,Regulatory,10,0.825,"Impact Score 10/10 derived from |sentiment|=1.00, event weight (Regulatory)=1.15, source (news)=1.00, entity (PFE)=1.00. [Models: Financial Lexicon Fallback | Keyword Rule Fallback]"
TWEET-0005,2026-03-01 14:30:00,twitter,Huge earnings beat for $MSFT! Azure growth completely blew past analyst consensus.,MSFT,1.0,Earnings,8,0.75,"Impact Score 8/10 derived from |sentiment|=1.00, event weight (Earnings)=0.95, source (twitter)=0.85, entity (MSFT)=1.00. [Models: Financial Lexicon Fallback | Keyword Rule Fallback]"
NEWS-0006,2026-03-01 15:45:00,news,Apple acquires promising generative AI startup for $2.4 Billion. Apple Inc. finalized a multi-billion dollar acquisition to accelerate its on-device neural processing engine capabilities ahead of the upcoming iPhone launch.,AAPL,0.0,Merger/Acquisition,1,0.675,"Impact Score 1/10 derived from |sentiment|=0.00, event weight (Merger/Acquisition)=1.05, source (news)=1.00, entity (AAPL)=1.00. [Models: Financial Lexicon Fallback | Keyword Rule Fallback]"
NEWS-0007,2026-03-02 09:00:00,news,"Regional energy supplier files for Chapter 11 bankruptcy following derivative default. A major midstream energy contractor defaulted on $500 million in senior debt obligations, raising credit contagion risks for syndicate bank lenders.",CVX,-1.0,Credit Event,10,0.95,"Impact Score 10/10 derived from |sentiment|=1.00, event weight (Credit Event)=1.30, source (news)=1.00, entity (CVX)=1.00. [Models: Financial Lexicon Fallback | Keyword Rule Fallback]"
TWEET-0006,2026-03-02 09:15:00,twitter,Regulatory scrutiny on Big Tech $GOOGL ad monopoly case wrapping up soon. High fine expected.,GOOGL,-1.0,Regulatory,10,0.825,"Impact Score 10/10 derived from |sentiment|=1.00, event weight (Regulatory)=1.15, source (twitter)=0.85, entity (GOOGL)=1.00. [Models: Financial Lexicon Fallback | Keyword Rule Fallback]"
NEWS-0008,2026-03-02 10:15:00,news,"Microsoft Cloud Azure revenue accelerates 31% year-over-year. Microsoft reported strong cloud adoption across enterprise clients, boosting commercial cloud margins and forward growth guidance.",MSFT,1.0,Earnings,10,0.875,"Impact Score 10/10 derived from |sentiment|=1.00, event weight (Earnings)=0.95, source (news)=1.00, entity (MSFT)=1.00. [Models: Financial Lexicon Fallback | Keyword Rule Fallback]"
TWEET-0007,2026-03-02 10:45:00,twitter,$AAPL Vision Pro sales surging in European markets ahead of target!,AAPL,1.0,Product Launch,7,0.7,"Impact Score 7/10 derived from |sentiment|=1.00, event weight (Product Launch)=0.85, source (twitter)=0.85, entity (AAPL)=1.00. [Models: Financial Lexicon Fallback | Keyword Rule Fallback]"
NEWS-0009,2026-03-02 11:30:00,news,EU Antitrust commission launches formal inquiry into Amazon marketplace pricing practices. European Union regulatory authorities opened an investigation into alleged anti-competitive merchant fee structures on Amazon's regional ecommerce platforms.,AMZN,-1.0,Regulatory,10,0.875,"Impact Score 10/10 derived from |sentiment|=1.00, event weight (Regulatory)=1.15, source (news)=1.00, entity (AMZN)=1.00. [Models: Financial Lexicon Fallback | Keyword Rule Fallback]"
TWEET-0008,2026-03-02 12:00:00,twitter,Uncertainty in credit markets! Moody's warning on $BAC leverage metrics.,BAC,-1.0,Geopolitical,10,0.7,"Impact Score 10/10 derived from |sentiment|=1.00, event weight (Geopolitical)=1.25, source (twitter)=0.85, entity (BAC)=1.00. [Models: Financial Lexicon Fallback | Keyword Rule Fallback]"
NEWS-0010,2026-03-02 13:45:00,news,"Tesla recalls 150,000 vehicles over steering assist software glitch. Tesla Inc announced an over-the-air recall for Model Y vehicles following consumer reports of intermittent power steering resistance during cold weather.",TSLA,-1.0,Product Launch,8,0.875,"Impact Score 8/10 derived from |sentiment|=1.00, event weight (Product Launch)=0.85, source (news)=1.00, entity (TSLA)=1.00. [Models: Financial Lexicon Fallback | Keyword Rule Fallback]"
NEWS-0011,2026-03-02 15:00:00,news,"Bank of America raises quarterly dividend by 10% following stress test approval. Bank of America Corp declared an increased capital distribution strategy, highlighting strong liquidity buffers and Tier 1 capital ratios.",BAC,1.0,Earnings,10,0.775,"Impact Score 10/10 derived from |sentiment|=1.00, event weight (Earnings)=0.95, source (news)=1.00, entity (BAC)=1.00. [Models: Financial Lexicon Fallback | Keyword Rule Fallback]"
NEWS-0012,2026-03-03 09:30:00,news,"Global semiconductor supply chain disruptions threaten auto production lines. Unforeseen factory outages in Southeast Asia have tightened microcontroller supplies, impacting global automotive assembly schedules.",TSLA,-1.0,Product Launch,8,0.75,"Impact Score 8/10 derived from |sentiment|=1.00, event weight (Product Launch)=0.85, source (news)=1.00, entity (TSLA)=1.00. [Models: Financial Lexicon Fallback | Keyword Rule Fallback]"
API-1790887885507,2026-10-02 02:21:25,news,Microsoft Azure cloud revenue surged 31% beating expectations,MSFT,1.0,Earnings,10,0.75,"Impact Score 10/10 derived from |sentiment|=1.00, event weight (Earnings)=0.95, source (news)=1.00, entity (MSFT)=1.00. [Models: Financial Lexicon Fallback | Keyword Rule Fallback]"
NEWS-0001,2026-03-01 09:15:00,news,Federal Reserve signals potential rate hikes amid persistent inflation concerns. The Federal Reserve hinted at maintaining higher interest rates for longer as core inflation data remains stickier than anticipated. Markets expect tightening credit conditions across wholesale banking sectors.,JPM,-0.5,Macroeconomic,6,0.95,"Impact Score 6/10 derived from |sentiment|=0.50, event weight (Macroeconomic)=1.15, source (news)=1.00, entity (JPM)=1.00. [Models: Financial Lexicon Fallback | Keyword Rule Fallback]"
TWEET-0001,2026-03-01 09:20:00,twitter,$NVDA breaking out to new all-time highs! Datacenter demand is insane #AI #Stocks,NVDA,0.0,Other,1,0.45,"Impact Score 1/10 derived from |sentiment|=0.00, event weight (Other)=0.70, source (twitter)=0.85, entity (NVDA)=1.00. [Models: Financial Lexicon Fallback | Keyword Rule Fallback]"
TWEET-0002,2026-03-01 10:05:00,twitter,$JPM exposure to commercial real estate loans could trigger credit downgrades if rates stay high,JPM,-1.0,Macroeconomic,10,0.7,"Impact Score 10/10 derived from |sentiment|=1.00, event weight (Macroeconomic)=1.15, source (twitter)=0.85, entity (JPM)=1.00. [Models: Financial Lexicon Fallback | Keyword Rule Fallback]"
NEWS-0002,2026-03-01 10:30:00,news,"NVIDIA unveils next-gen AI superchip architecture with 3x efficiency gains. NVIDIA announced its groundbreaking new Blackwell Ultra AI architecture at its annual tech summit, promising unprecedented compute power and major corporate data center adoption.",NVDA,1.0,Product Launch,8,0.875,"Impact Score 8/10 derived from |sentiment|=1.00, event weight (Product Launch)=0.85, source (news)=1.00, entity (NVDA)=1.00. [Models: Financial Lexicon Fallback | Keyword Rule Fallback]"
NEWS-0003,2026-03-01 11:45:00,news,Geopolitical tensions in Strait of Hormuz escalate; crude oil surges 8%. Naval blockades and drone activity in key shipping lanes have disrupted global oil exports. Energy analysts warn of supply chain bottlenecks and elevated freight insurance premiums.,XOM,-0.3333,Geopolitical,4,0.925,"Impact Score 4/10 derived from |sentiment|=0.33, event weight (Geopolitical)=1.25, source (news)=1.00, entity (XOM)=1.00. [Models: Financial Lexicon Fallback | Keyword Rule Fallback]"
TWEET-0003,2026-03-01 11:50:00,twitter,Oil spiking hard today! $XOM and $CVX printing cash flow right now 🛢️📈,XOM,0.0,Other,1,0.45,"Impact Score 1/10 derived from |sentiment|=0.00, event weight (Other)=0.70, source (twitter)=0.85, entity (XOM)=1.00. [Models: Financial Lexicon Fallback | Keyword Rule Fallback]"
NEWS-0004,2026-03-01 13:00:00,news,"JPMorgan Chase reports record Q1 investment banking revenue beating estimates. JPMorgan Chase & Co. delivered blowout quarterly earnings, driven by strong advisory fees and robust net interest income despite broader market volatility.",JPM,1.0,Earnings,10,0.875,"Impact Score 10/10 derived from |sentiment|=1.00, event weight (Earnings)=0.95, source (news)=1.00, entity (JPM)=1.00. [Models: Financial Lexicon Fallback | Keyword Rule Fallback]"
TWEET-0004,2026-03-01 13:10:00,twitter,Rumors of massive layoffs and restructuring at $META incoming next week,META,0.0,Credit Event,1,0.6,"Impact Score 1/10 derived from |sentiment|=0.00, event weight (Credit Event)=1.30, source (twitter)=0.85, entity (META)=1.00. [Models: Financial Lexicon Fallback | Keyword Rule Fallback]"
NEWS-0005,2026-03-01 14:20:00,news,FDA issues unexpected warning letter to Pfizer regarding manufacturing facility. The US Food and Drug Administration issued a formal regulatory compliance notice to Pfizer concerning quality control standards at its key biologics plant.,PFE,-1.0,Regulatory,10,0.825,"Impact Score 10/10 derived from |sentiment|=1.00, event weight (Regulatory)=1.15, source (news)=1.00, entity (PFE)=1.00. [Models: Financial Lexicon Fallback | Keyword Rule Fallback]"
TWEET-0005,2026-03-01 14:30:00,twitter,Huge earnings beat for $MSFT! Azure growth completely blew past analyst consensus.,MSFT,1.0,Earnings,8,0.75,"Impact Score 8/10 derived from |sentiment|=1.00, event weight (Earnings)=0.95, source (twitter)=0.85, entity (MSFT)=1.00. [Models: Financial Lexicon Fallback | Keyword Rule Fallback]"
NEWS-0006,2026-03-01 15:45:00,news,Apple acquires promising generative AI startup for $2.4 Billion. Apple Inc. finalized a multi-billion dollar acquisition to accelerate its on-device neural processing engine capabilities ahead of the upcoming iPhone launch.,AAPL,0.0,Merger/Acquisition,1,0.675,"Impact Score 1/10 derived from |sentiment|=0.00, event weight (Merger/Acquisition)=1.05, source (news)=1.00, entity (AAPL)=1.00. [Models: Financial Lexicon Fallback | Keyword Rule Fallback]"
NEWS-0007,2026-03-02 09:00:00,news,"Regional energy supplier files for Chapter 11 bankruptcy following derivative default. A major midstream energy contractor defaulted on $500 million in senior debt obligations, raising credit contagion risks for syndicate bank lenders.",CVX,-1.0,Credit Event,10,0.95,"Impact Score 10/10 derived from |sentiment|=1.00, event weight (Credit Event)=1.30, source (news)=1.00, entity (CVX)=1.00. [Models: Financial Lexicon Fallback | Keyword Rule Fallback]"
TWEET-0006,2026-03-02 09:15:00,twitter,Regulatory scrutiny on Big Tech $GOOGL ad monopoly case wrapping up soon. High fine expected.,GOOGL,-1.0,Regulatory,10,0.825,"Impact Score 10/10 derived from |sentiment|=1.00, event weight (Regulatory)=1.15, source (twitter)=0.85, entity (GOOGL)=1.00. [Models: Financial Lexicon Fallback | Keyword Rule Fallback]"
NEWS-0008,2026-03-02 10:15:00,news,"Microsoft Cloud Azure revenue accelerates 31% year-over-year. Microsoft reported strong cloud adoption across enterprise clients, boosting commercial cloud margins and forward growth guidance.",MSFT,1.0,Earnings,10,0.875,"Impact Score 10/10 derived from |sentiment|=1.00, event weight (Earnings)=0.95, source (news)=1.00, entity (MSFT)=1.00. [Models: Financial Lexicon Fallback | Keyword Rule Fallback]"
TWEET-0007,2026-03-02 10:45:00,twitter,$AAPL Vision Pro sales surging in European markets ahead of target!,AAPL,1.0,Product Launch,7,0.7,"Impact Score 7/10 derived from |sentiment|=1.00, event weight (Product Launch)=0.85, source (twitter)=0.85, entity (AAPL)=1.00. [Models: Financial Lexicon Fallback | Keyword Rule Fallback]"
NEWS-0009,2026-03-02 11:30:00,news,EU Antitrust commission launches formal inquiry into Amazon marketplace pricing practices. European Union regulatory authorities opened an investigation into alleged anti-competitive merchant fee structures on Amazon's regional ecommerce platforms.,AMZN,-1.0,Regulatory,10,0.875,"Impact Score 10/10 derived from |sentiment|=1.00, event weight (Regulatory)=1.15, source (news)=1.00, entity (AMZN)=1.00. [Models: Financial Lexicon Fallback | Keyword Rule Fallback]"
TWEET-0008,2026-03-02 12:00:00,twitter,Uncertainty in credit markets! Moody's warning on $BAC leverage metrics.,BAC,-1.0,Geopolitical,10,0.7,"Impact Score 10/10 derived from |sentiment|=1.00, event weight (Geopolitical)=1.25, source (twitter)=0.85, entity (BAC)=1.00. [Models: Financial Lexicon Fallback | Keyword Rule Fallback]"
NEWS-0010,2026-03-02 13:45:00,news,"Tesla recalls 150,000 vehicles over steering assist software glitch. Tesla Inc announced an over-the-air recall for Model Y vehicles following consumer reports of intermittent power steering resistance during cold weather.",TSLA,-1.0,Product Launch,8,0.875,"Impact Score 8/10 derived from |sentiment|=1.00, event weight (Product Launch)=0.85, source (news)=1.00, entity (TSLA)=1.00. [Models: Financial Lexicon Fallback | Keyword Rule Fallback]"
NEWS-0011,2026-03-02 15:00:00,news,"Bank of America raises quarterly dividend by 10% following stress test approval. Bank of America Corp declared an increased capital distribution strategy, highlighting strong liquidity buffers and Tier 1 capital ratios.",BAC,1.0,Earnings,10,0.775,"Impact Score 10/10 derived from |sentiment|=1.00, event weight (Earnings)=0.95, source (news)=1.00, entity (BAC)=1.00. [Models: Financial Lexicon Fallback | Keyword Rule Fallback]"
NEWS-0012,2026-03-03 09:30:00,news,"Global semiconductor supply chain disruptions threaten auto production lines. Unforeseen factory outages in Southeast Asia have tightened microcontroller supplies, impacting global automotive assembly schedules.",TSLA,-1.0,Product Launch,8,0.75,"Impact Score 8/10 derived from |sentiment|=1.00, event weight (Product Launch)=0.85, source (news)=1.00, entity (TSLA)=1.00. [Models: Financial Lexicon Fallback | Keyword Rule Fallback]"
API-1790887905803,2026-10-02 02:21:45,news,Microsoft Azure cloud revenue surged 31% beating expectations,MSFT,1.0,Earnings,10,0.75,"Impact Score 10/10 derived from |sentiment|=1.00, event weight (Earnings)=0.95, source (news)=1.00, entity (MSFT)=1.00. [Models: Financial Lexicon Fallback | Keyword Rule Fallback]"
NEWS-0001,2026-03-01 09:15:00,news,Federal Reserve signals potential rate hikes amid persistent inflation concerns. The Federal Reserve hinted at maintaining higher interest rates for longer as core inflation data remains stickier than anticipated. Markets expect tightening credit conditions across wholesale banking sectors.,JPM,-0.5,Macroeconomic,6,0.95,"Impact Score 6/10 derived from |sentiment|=0.50, event weight (Macroeconomic)=1.15, source (news)=1.00, entity (JPM)=1.00. [Models: Financial Lexicon Fallback | Keyword Rule Fallback]"
TWEET-0001,2026-03-01 09:20:00,twitter,$NVDA breaking out to new all-time highs! Datacenter demand is insane #AI #Stocks,NVDA,0.0,Other,1,0.45,"Impact Score 1/10 derived from |sentiment|=0.00, event weight (Other)=0.70, source (twitter)=0.85, entity (NVDA)=1.00. [Models: Financial Lexicon Fallback | Keyword Rule Fallback]"
TWEET-0002,2026-03-01 10:05:00,twitter,$JPM exposure to commercial real estate loans could trigger credit downgrades if rates stay high,JPM,-1.0,Macroeconomic,10,0.7,"Impact Score 10/10 derived from |sentiment|=1.00, event weight (Macroeconomic)=1.15, source (twitter)=0.85, entity (JPM)=1.00. [Models: Financial Lexicon Fallback | Keyword Rule Fallback]"
NEWS-0002,2026-03-01 10:30:00,news,"NVIDIA unveils next-gen AI superchip architecture with 3x efficiency gains. NVIDIA announced its groundbreaking new Blackwell Ultra AI architecture at its annual tech summit, promising unprecedented compute power and major corporate data center adoption.",NVDA,1.0,Product Launch,8,0.875,"Impact Score 8/10 derived from |sentiment|=1.00, event weight (Product Launch)=0.85, source (news)=1.00, entity (NVDA)=1.00. [Models: Financial Lexicon Fallback | Keyword Rule Fallback]"
NEWS-0003,2026-03-01 11:45:00,news,Geopolitical tensions in Strait of Hormuz escalate; crude oil surges 8%. Naval blockades and drone activity in key shipping lanes have disrupted global oil exports. Energy analysts warn of supply chain bottlenecks and elevated freight insurance premiums.,XOM,-0.3333,Geopolitical,4,0.925,"Impact Score 4/10 derived from |sentiment|=0.33, event weight (Geopolitical)=1.25, source (news)=1.00, entity (XOM)=1.00. [Models: Financial Lexicon Fallback | Keyword Rule Fallback]"
TWEET-0003,2026-03-01 11:50:00,twitter,Oil spiking hard today! $XOM and $CVX printing cash flow right now 🛢️📈,XOM,0.0,Other,1,0.45,"Impact Score 1/10 derived from |sentiment|=0.00, event weight (Other)=0.70, source (twitter)=0.85, entity (XOM)=1.00. [Models: Financial Lexicon Fallback | Keyword Rule Fallback]"
NEWS-0004,2026-03-01 13:00:00,news,"JPMorgan Chase reports record Q1 investment banking revenue beating estimates. JPMorgan Chase & Co. delivered blowout quarterly earnings, driven by strong advisory fees and robust net interest income despite broader market volatility.",JPM,1.0,Earnings,10,0.875,"Impact Score 10/10 derived from |sentiment|=1.00, event weight (Earnings)=0.95, source (news)=1.00, entity (JPM)=1.00. [Models: Financial Lexicon Fallback | Keyword Rule Fallback]"
TWEET-0004,2026-03-01 13:10:00,twitter,Rumors of massive layoffs and restructuring at $META incoming next week,META,0.0,Credit Event,1,0.6,"Impact Score 1/10 derived from |sentiment|=0.00, event weight (Credit Event)=1.30, source (twitter)=0.85, entity (META)=1.00. [Models: Financial Lexicon Fallback | Keyword Rule Fallback]"
NEWS-0005,2026-03-01 14:20:00,news,FDA issues unexpected warning letter to Pfizer regarding manufacturing facility. The US Food and Drug Administration issued a formal regulatory compliance notice to Pfizer concerning quality control standards at its key biologics plant.,PFE,-1.0,Regulatory,10,0.825,"Impact Score 10/10 derived from |sentiment|=1.00, event weight (Regulatory)=1.15, source (news)=1.00, entity (PFE)=1.00. [Models: Financial Lexicon Fallback | Keyword Rule Fallback]"
TWEET-0005,2026-03-01 14:30:00,twitter,Huge earnings beat for $MSFT! Azure growth completely blew past analyst consensus.,MSFT,1.0,Earnings,8,0.75,"Impact Score 8/10 derived from |sentiment|=1.00, event weight (Earnings)=0.95, source (twitter)=0.85, entity (MSFT)=1.00. [Models: Financial Lexicon Fallback | Keyword Rule Fallback]"
NEWS-0006,2026-03-01 15:45:00,news,Apple acquires promising generative AI startup for $2.4 Billion. Apple Inc. finalized a multi-billion dollar acquisition to accelerate its on-device neural processing engine capabilities ahead of the upcoming iPhone launch.,AAPL,0.0,Merger/Acquisition,1,0.675,"Impact Score 1/10 derived from |sentiment|=0.00, event weight (Merger/Acquisition)=1.05, source (news)=1.00, entity (AAPL)=1.00. [Models: Financial Lexicon Fallback | Keyword Rule Fallback]"
NEWS-0007,2026-03-02 09:00:00,news,"Regional energy supplier files for Chapter 11 bankruptcy following derivative default. A major midstream energy contractor defaulted on $500 million in senior debt obligations, raising credit contagion risks for syndicate bank lenders.",CVX,-1.0,Credit Event,10,0.95,"Impact Score 10/10 derived from |sentiment|=1.00, event weight (Credit Event)=1.30, source (news)=1.00, entity (CVX)=1.00. [Models: Financial Lexicon Fallback | Keyword Rule Fallback]"
TWEET-0006,2026-03-02 09:15:00,twitter,Regulatory scrutiny on Big Tech $GOOGL ad monopoly case wrapping up soon. High fine expected.,GOOGL,-1.0,Regulatory,10,0.825,"Impact Score 10/10 derived from |sentiment|=1.00, event weight (Regulatory)=1.15, source (twitter)=0.85, entity (GOOGL)=1.00. [Models: Financial Lexicon Fallback | Keyword Rule Fallback]"
NEWS-0008,2026-03-02 10:15:00,news,"Microsoft Cloud Azure revenue accelerates 31% year-over-year. Microsoft reported strong cloud adoption across enterprise clients, boosting commercial cloud margins and forward growth guidance.",MSFT,1.0,Earnings,10,0.875,"Impact Score 10/10 derived from |sentiment|=1.00, event weight (Earnings)=0.95, source (news)=1.00, entity (MSFT)=1.00. [Models: Financial Lexicon Fallback | Keyword Rule Fallback]"
TWEET-0007,2026-03-02 10:45:00,twitter,$AAPL Vision Pro sales surging in European markets ahead of target!,AAPL,1.0,Product Launch,7,0.7,"Impact Score 7/10 derived from |sentiment|=1.00, event weight (Product Launch)=0.85, source (twitter)=0.85, entity (AAPL)=1.00. [Models: Financial Lexicon Fallback | Keyword Rule Fallback]"
NEWS-0009,2026-03-02 11:30:00,news,EU Antitrust commission launches formal inquiry into Amazon marketplace pricing practices. European Union regulatory authorities opened an investigation into alleged anti-competitive merchant fee structures on Amazon's regional ecommerce platforms.,AMZN,-1.0,Regulatory,10,0.875,"Impact Score 10/10 derived from |sentiment|=1.00, event weight (Regulatory)=1.15, source (news)=1.00, entity (AMZN)=1.00. [Models: Financial Lexicon Fallback | Keyword Rule Fallback]"
TWEET-0008,2026-03-02 12:00:00,twitter,Uncertainty in credit markets! Moody's warning on $BAC leverage metrics.,BAC,-1.0,Geopolitical,10,0.7,"Impact Score 10/10 derived from |sentiment|=1.00, event weight (Geopolitical)=1.25, source (twitter)=0.85, entity (BAC)=1.00. [Models: Financial Lexicon Fallback | Keyword Rule Fallback]"
NEWS-0010,2026-03-02 13:45:00,news,"Tesla recalls 150,000 vehicles over steering assist software glitch. Tesla Inc announced an over-the-air recall for Model Y vehicles following consumer reports of intermittent power steering resistance during cold weather.",TSLA,-1.0,Product Launch,8,0.875,"Impact Score 8/10 derived from |sentiment|=1.00, event weight (Product Launch)=0.85, source (news)=1.00, entity (TSLA)=1.00. [Models: Financial Lexicon Fallback | Keyword Rule Fallback]"
NEWS-0011,2026-03-02 15:00:00,news,"Bank of America raises quarterly dividend by 10% following stress test approval. Bank of America Corp declared an increased capital distribution strategy, highlighting strong liquidity buffers and Tier 1 capital ratios.",BAC,1.0,Earnings,10,0.775,"Impact Score 10/10 derived from |sentiment|=1.00, event weight (Earnings)=0.95, source (news)=1.00, entity (BAC)=1.00. [Models: Financial Lexicon Fallback | Keyword Rule Fallback]"
NEWS-0012,2026-03-03 09:30:00,news,"Global semiconductor supply chain disruptions threaten auto production lines. Unforeseen factory outages in Southeast Asia have tightened microcontroller supplies, impacting global automotive assembly schedules.",TSLA,-1.0,Product Launch,8,0.75,"Impact Score 8/10 derived from |sentiment|=1.00, event weight (Product Launch)=0.85, source (news)=1.00, entity (TSLA)=1.00. [Models: Financial Lexicon Fallback | Keyword Rule Fallback]"
API-1790887954291,2026-10-02 02:22:34,news,Microsoft Azure cloud revenue surged 31% beating expectations,MSFT,1.0,Earnings,10,0.75,"Impact Score 10/10 derived from |sentiment|=1.00, event weight (Earnings)=0.95, source (news)=1.00, entity (MSFT)=1.00. [Models: Financial Lexicon Fallback | Keyword Rule Fallback]"
NEWS-0001,2026-03-01 09:15:00,news,Federal Reserve signals potential rate hikes amid persistent inflation concerns. The Federal Reserve hinted at maintaining higher interest rates for longer as core inflation data remains stickier than anticipated. Markets expect tightening credit conditions across wholesale banking sectors.,JPM,-0.5,Macroeconomic,6,0.95,"Impact Score 6/10 derived from |sentiment|=0.50, event weight (Macroeconomic)=1.15, source (news)=1.00, entity (JPM)=1.00. [Models: Financial Lexicon Fallback | Keyword Rule Fallback]"
TWEET-0001,2026-03-01 09:20:00,twitter,$NVDA breaking out to new all-time highs! Datacenter demand is insane #AI #Stocks,NVDA,0.0,Other,1,0.45,"Impact Score 1/10 derived from |sentiment|=0.00, event weight (Other)=0.70, source (twitter)=0.85, entity (NVDA)=1.00. [Models: Financial Lexicon Fallback | Keyword Rule Fallback]"
TWEET-0002,2026-03-01 10:05:00,twitter,$JPM exposure to commercial real estate loans could trigger credit downgrades if rates stay high,JPM,-1.0,Macroeconomic,10,0.7,"Impact Score 10/10 derived from |sentiment|=1.00, event weight (Macroeconomic)=1.15, source (twitter)=0.85, entity (JPM)=1.00. [Models: Financial Lexicon Fallback | Keyword Rule Fallback]"
NEWS-0002,2026-03-01 10:30:00,news,"NVIDIA unveils next-gen AI superchip architecture with 3x efficiency gains. NVIDIA announced its groundbreaking new Blackwell Ultra AI architecture at its annual tech summit, promising unprecedented compute power and major corporate data center adoption.",NVDA,1.0,Product Launch,8,0.875,"Impact Score 8/10 derived from |sentiment|=1.00, event weight (Product Launch)=0.85, source (news)=1.00, entity (NVDA)=1.00. [Models: Financial Lexicon Fallback | Keyword Rule Fallback]"
NEWS-0003,2026-03-01 11:45:00,news,Geopolitical tensions in Strait of Hormuz escalate; crude oil surges 8%. Naval blockades and drone activity in key shipping lanes have disrupted global oil exports. Energy analysts warn of supply chain bottlenecks and elevated freight insurance premiums.,XOM,-0.3333,Geopolitical,4,0.925,"Impact Score 4/10 derived from |sentiment|=0.33, event weight (Geopolitical)=1.25, source (news)=1.00, entity (XOM)=1.00. [Models: Financial Lexicon Fallback | Keyword Rule Fallback]"
TWEET-0003,2026-03-01 11:50:00,twitter,Oil spiking hard today! $XOM and $CVX printing cash flow right now 🛢️📈,XOM,0.0,Other,1,0.45,"Impact Score 1/10 derived from |sentiment|=0.00, event weight (Other)=0.70, source (twitter)=0.85, entity (XOM)=1.00. [Models: Financial Lexicon Fallback | Keyword Rule Fallback]"
NEWS-0004,2026-03-01 13:00:00,news,"JPMorgan Chase reports record Q1 investment banking revenue beating estimates. JPMorgan Chase & Co. delivered blowout quarterly earnings, driven by strong advisory fees and robust net interest income despite broader market volatility.",JPM,1.0,Earnings,10,0.875,"Impact Score 10/10 derived from |sentiment|=1.00, event weight (Earnings)=0.95, source (news)=1.00, entity (JPM)=1.00. [Models: Financial Lexicon Fallback | Keyword Rule Fallback]"
TWEET-0004,2026-03-01 13:10:00,twitter,Rumors of massive layoffs and restructuring at $META incoming next week,META,0.0,Credit Event,1,0.6,"Impact Score 1/10 derived from |sentiment|=0.00, event weight (Credit Event)=1.30, source (twitter)=0.85, entity (META)=1.00. [Models: Financial Lexicon Fallback | Keyword Rule Fallback]"
NEWS-0005,2026-03-01 14:20:00,news,FDA issues unexpected warning letter to Pfizer regarding manufacturing facility. The US Food and Drug Administration issued a formal regulatory compliance notice to Pfizer concerning quality control standards at its key biologics plant.,PFE,-1.0,Regulatory,10,0.825,"Impact Score 10/10 derived from |sentiment|=1.00, event weight (Regulatory)=1.15, source (news)=1.00, entity (PFE)=1.00. [Models: Financial Lexicon Fallback | Keyword Rule Fallback]"
TWEET-0005,2026-03-01 14:30:00,twitter,Huge earnings beat for $MSFT! Azure growth completely blew past analyst consensus.,MSFT,1.0,Earnings,8,0.75,"Impact Score 8/10 derived from |sentiment|=1.00, event weight (Earnings)=0.95, source (twitter)=0.85, entity (MSFT)=1.00. [Models: Financial Lexicon Fallback | Keyword Rule Fallback]"
NEWS-0006,2026-03-01 15:45:00,news,Apple acquires promising generative AI startup for $2.4 Billion. Apple Inc. finalized a multi-billion dollar acquisition to accelerate its on-device neural processing engine capabilities ahead of the upcoming iPhone launch.,AAPL,0.0,Merger/Acquisition,1,0.675,"Impact Score 1/10 derived from |sentiment|=0.00, event weight (Merger/Acquisition)=1.05, source (news)=1.00, entity (AAPL)=1.00. [Models: Financial Lexicon Fallback | Keyword Rule Fallback]"
NEWS-0007,2026-03-02 09:00:00,news,"Regional energy supplier files for Chapter 11 bankruptcy following derivative default. A major midstream energy contractor defaulted on $500 million in senior debt obligations, raising credit contagion risks for syndicate bank lenders.",CVX,-1.0,Credit Event,10,0.95,"Impact Score 10/10 derived from |sentiment|=1.00, event weight (Credit Event)=1.30, source (news)=1.00, entity (CVX)=1.00. [Models: Financial Lexicon Fallback | Keyword Rule Fallback]"
TWEET-0006,2026-03-02 09:15:00,twitter,Regulatory scrutiny on Big Tech $GOOGL ad monopoly case wrapping up soon. High fine expected.,GOOGL,-1.0,Regulatory,10,0.825,"Impact Score 10/10 derived from |sentiment|=1.00, event weight (Regulatory)=1.15, source (twitter)=0.85, entity (GOOGL)=1.00. [Models: Financial Lexicon Fallback | Keyword Rule Fallback]"
NEWS-0008,2026-03-02 10:15:00,news,"Microsoft Cloud Azure revenue accelerates 31% year-over-year. Microsoft reported strong cloud adoption across enterprise clients, boosting commercial cloud margins and forward growth guidance.",MSFT,1.0,Earnings,10,0.875,"Impact Score 10/10 derived from |sentiment|=1.00, event weight (Earnings)=0.95, source (news)=1.00, entity (MSFT)=1.00. [Models: Financial Lexicon Fallback | Keyword Rule Fallback]"
TWEET-0007,2026-03-02 10:45:00,twitter,$AAPL Vision Pro sales surging in European markets ahead of target!,AAPL,1.0,Product Launch,7,0.7,"Impact Score 7/10 derived from |sentiment|=1.00, event weight (Product Launch)=0.85, source (twitter)=0.85, entity (AAPL)=1.00. [Models: Financial Lexicon Fallback | Keyword Rule Fallback]"
NEWS-0009,2026-03-02 11:30:00,news,EU Antitrust commission launches formal inquiry into Amazon marketplace pricing practices. European Union regulatory authorities opened an investigation into alleged anti-competitive merchant fee structures on Amazon's regional ecommerce platforms.,AMZN,-1.0,Regulatory,10,0.875,"Impact Score 10/10 derived from |sentiment|=1.00, event weight (Regulatory)=1.15, source (news)=1.00, entity (AMZN)=1.00. [Models: Financial Lexicon Fallback | Keyword Rule Fallback]"
TWEET-0008,2026-03-02 12:00:00,twitter,Uncertainty in credit markets! Moody's warning on $BAC leverage metrics.,BAC,-1.0,Geopolitical,10,0.7,"Impact Score 10/10 derived from |sentiment|=1.00, event weight (Geopolitical)=1.25, source (twitter)=0.85, entity (BAC)=1.00. [Models: Financial Lexicon Fallback | Keyword Rule Fallback]"
NEWS-0010,2026-03-02 13:45:00,news,"Tesla recalls 150,000 vehicles over steering assist software glitch. Tesla Inc announced an over-the-air recall for Model Y vehicles following consumer reports of intermittent power steering resistance during cold weather.",TSLA,-1.0,Product Launch,8,0.875,"Impact Score 8/10 derived from |sentiment|=1.00, event weight (Product Launch)=0.85, source (news)=1.00, entity (TSLA)=1.00. [Models: Financial Lexicon Fallback | Keyword Rule Fallback]"
NEWS-0011,2026-03-02 15:00:00,news,"Bank of America raises quarterly dividend by 10% following stress test approval. Bank of America Corp declared an increased capital distribution strategy, highlighting strong liquidity buffers and Tier 1 capital ratios.",BAC,1.0,Earnings,10,0.775,"Impact Score 10/10 derived from |sentiment|=1.00, event weight (Earnings)=0.95, source (news)=1.00, entity (BAC)=1.00. [Models: Financial Lexicon Fallback | Keyword Rule Fallback]"
NEWS-0012,2026-03-03 09:30:00,news,"Global semiconductor supply chain disruptions threaten auto production lines. Unforeseen factory outages in Southeast Asia have tightened microcontroller supplies, impacting global automotive assembly schedules.",TSLA,-1.0,Product Launch,8,0.75,"Impact Score 8/10 derived from |sentiment|=1.00, event weight (Product Launch)=0.85, source (news)=1.00, entity (TSLA)=1.00. [Models: Financial Lexicon Fallback | Keyword Rule Fallback]"
API-1790888245183,2026-10-02 02:27:25,news,Microsoft Azure cloud revenue surged 31% beating expectations,MSFT,1.0,Earnings,10,0.75,"Impact Score 10/10 derived from |sentiment|=1.00, event weight (Earnings)=0.95, source (news)=1.00, entity (MSFT)=1.00. [Models: Financial Lexicon Fallback | Keyword Rule Fallback]"
NEWS-0001,2026-03-01 09:15:00,news,Federal Reserve signals potential rate hikes amid persistent inflation concerns. The Federal Reserve hinted at maintaining higher interest rates for longer as core inflation data remains stickier than anticipated. Markets expect tightening credit conditions across wholesale banking sectors.,JPM,-0.5,Macroeconomic,6,0.95,"Impact Score 6/10 derived from |sentiment|=0.50, event weight (Macroeconomic)=1.15, source (news)=1.00, entity (JPM)=1.00. [Models: Financial Lexicon Fallback | Keyword Rule Fallback]"
TWEET-0001,2026-03-01 09:20:00,twitter,$NVDA breaking out to new all-time highs! Datacenter demand is insane #AI #Stocks,NVDA,0.0,Other,1,0.45,"Impact Score 1/10 derived from |sentiment|=0.00, event weight (Other)=0.70, source (twitter)=0.85, entity (NVDA)=1.00. [Models: Financial Lexicon Fallback | Keyword Rule Fallback]"
TWEET-0002,2026-03-01 10:05:00,twitter,$JPM exposure to commercial real estate loans could trigger credit downgrades if rates stay high,JPM,-1.0,Macroeconomic,10,0.7,"Impact Score 10/10 derived from |sentiment|=1.00, event weight (Macroeconomic)=1.15, source (twitter)=0.85, entity (JPM)=1.00. [Models: Financial Lexicon Fallback | Keyword Rule Fallback]"
NEWS-0002,2026-03-01 10:30:00,news,"NVIDIA unveils next-gen AI superchip architecture with 3x efficiency gains. NVIDIA announced its groundbreaking new Blackwell Ultra AI architecture at its annual tech summit, promising unprecedented compute power and major corporate data center adoption.",NVDA,1.0,Product Launch,8,0.875,"Impact Score 8/10 derived from |sentiment|=1.00, event weight (Product Launch)=0.85, source (news)=1.00, entity (NVDA)=1.00. [Models: Financial Lexicon Fallback | Keyword Rule Fallback]"
NEWS-0003,2026-03-01 11:45:00,news,Geopolitical tensions in Strait of Hormuz escalate; crude oil surges 8%. Naval blockades and drone activity in key shipping lanes have disrupted global oil exports. Energy analysts warn of supply chain bottlenecks and elevated freight insurance premiums.,XOM,-0.3333,Geopolitical,4,0.925,"Impact Score 4/10 derived from |sentiment|=0.33, event weight (Geopolitical)=1.25, source (news)=1.00, entity (XOM)=1.00. [Models: Financial Lexicon Fallback | Keyword Rule Fallback]"
TWEET-0003,2026-03-01 11:50:00,twitter,Oil spiking hard today! $XOM and $CVX printing cash flow right now 🛢️📈,XOM,0.0,Other,1,0.45,"Impact Score 1/10 derived from |sentiment|=0.00, event weight (Other)=0.70, source (twitter)=0.85, entity (XOM)=1.00. [Models: Financial Lexicon Fallback | Keyword Rule Fallback]"
NEWS-0004,2026-03-01 13:00:00,news,"JPMorgan Chase reports record Q1 investment banking revenue beating estimates. JPMorgan Chase & Co. delivered blowout quarterly earnings, driven by strong advisory fees and robust net interest income despite broader market volatility.",JPM,1.0,Earnings,10,0.875,"Impact Score 10/10 derived from |sentiment|=1.00, event weight (Earnings)=0.95, source (news)=1.00, entity (JPM)=1.00. [Models: Financial Lexicon Fallback | Keyword Rule Fallback]"
TWEET-0004,2026-03-01 13:10:00,twitter,Rumors of massive layoffs and restructuring at $META incoming next week,META,0.0,Credit Event,1,0.6,"Impact Score 1/10 derived from |sentiment|=0.00, event weight (Credit Event)=1.30, source (twitter)=0.85, entity (META)=1.00. [Models: Financial Lexicon Fallback | Keyword Rule Fallback]"
NEWS-0005,2026-03-01 14:20:00,news,FDA issues unexpected warning letter to Pfizer regarding manufacturing facility. The US Food and Drug Administration issued a formal regulatory compliance notice to Pfizer concerning quality control standards at its key biologics plant.,PFE,-1.0,Regulatory,10,0.825,"Impact Score 10/10 derived from |sentiment|=1.00, event weight (Regulatory)=1.15, source (news)=1.00, entity (PFE)=1.00. [Models: Financial Lexicon Fallback | Keyword Rule Fallback]"
TWEET-0005,2026-03-01 14:30:00,twitter,Huge earnings beat for $MSFT! Azure growth completely blew past analyst consensus.,MSFT,1.0,Earnings,8,0.75,"Impact Score 8/10 derived from |sentiment|=1.00, event weight (Earnings)=0.95, source (twitter)=0.85, entity (MSFT)=1.00. [Models: Financial Lexicon Fallback | Keyword Rule Fallback]"
NEWS-0006,2026-03-01 15:45:00,news,Apple acquires promising generative AI startup for $2.4 Billion. Apple Inc. finalized a multi-billion dollar acquisition to accelerate its on-device neural processing engine capabilities ahead of the upcoming iPhone launch.,AAPL,0.0,Merger/Acquisition,1,0.675,"Impact Score 1/10 derived from |sentiment|=0.00, event weight (Merger/Acquisition)=1.05, source (news)=1.00, entity (AAPL)=1.00. [Models: Financial Lexicon Fallback | Keyword Rule Fallback]"
NEWS-0007,2026-03-02 09:00:00,news,"Regional energy supplier files for Chapter 11 bankruptcy following derivative default. A major midstream energy contractor defaulted on $500 million in senior debt obligations, raising credit contagion risks for syndicate bank lenders.",CVX,-1.0,Credit Event,10,0.95,"Impact Score 10/10 derived from |sentiment|=1.00, event weight (Credit Event)=1.30, source (news)=1.00, entity (CVX)=1.00. [Models: Financial Lexicon Fallback | Keyword Rule Fallback]"
TWEET-0006,2026-03-02 09:15:00,twitter,Regulatory scrutiny on Big Tech $GOOGL ad monopoly case wrapping up soon. High fine expected.,GOOGL,-1.0,Regulatory,10,0.825,"Impact Score 10/10 derived from |sentiment|=1.00, event weight (Regulatory)=1.15, source (twitter)=0.85, entity (GOOGL)=1.00. [Models: Financial Lexicon Fallback | Keyword Rule Fallback]"
NEWS-0008,2026-03-02 10:15:00,news,"Microsoft Cloud Azure revenue accelerates 31% year-over-year. Microsoft reported strong cloud adoption across enterprise clients, boosting commercial cloud margins and forward growth guidance.",MSFT,1.0,Earnings,10,0.875,"Impact Score 10/10 derived from |sentiment|=1.00, event weight (Earnings)=0.95, source (news)=1.00, entity (MSFT)=1.00. [Models: Financial Lexicon Fallback | Keyword Rule Fallback]"
TWEET-0007,2026-03-02 10:45:00,twitter,$AAPL Vision Pro sales surging in European markets ahead of target!,AAPL,1.0,Product Launch,7,0.7,"Impact Score 7/10 derived from |sentiment|=1.00, event weight (Product Launch)=0.85, source (twitter)=0.85, entity (AAPL)=1.00. [Models: Financial Lexicon Fallback | Keyword Rule Fallback]"
NEWS-0009,2026-03-02 11:30:00,news,EU Antitrust commission launches formal inquiry into Amazon marketplace pricing practices. European Union regulatory authorities opened an investigation into alleged anti-competitive merchant fee structures on Amazon's regional ecommerce platforms.,AMZN,-1.0,Regulatory,10,0.875,"Impact Score 10/10 derived from |sentiment|=1.00, event weight (Regulatory)=1.15, source (news)=1.00, entity (AMZN)=1.00. [Models: Financial Lexicon Fallback | Keyword Rule Fallback]"
TWEET-0008,2026-03-02 12:00:00,twitter,Uncertainty in credit markets! Moody's warning on $BAC leverage metrics.,BAC,-1.0,Geopolitical,10,0.7,"Impact Score 10/10 derived from |sentiment|=1.00, event weight (Geopolitical)=1.25, source (twitter)=0.85, entity (BAC)=1.00. [Models: Financial Lexicon Fallback | Keyword Rule Fallback]"
NEWS-0010,2026-03-02 13:45:00,news,"Tesla recalls 150,000 vehicles over steering assist software glitch. Tesla Inc announced an over-the-air recall for Model Y vehicles following consumer reports of intermittent power steering resistance during cold weather.",TSLA,-1.0,Product Launch,8,0.875,"Impact Score 8/10 derived from |sentiment|=1.00, event weight (Product Launch)=0.85, source (news)=1.00, entity (TSLA)=1.00. [Models: Financial Lexicon Fallback | Keyword Rule Fallback]"
NEWS-0011,2026-03-02 15:00:00,news,"Bank of America raises quarterly dividend by 10% following stress test approval. Bank of America Corp declared an increased capital distribution strategy, highlighting strong liquidity buffers and Tier 1 capital ratios.",BAC,1.0,Earnings,10,0.775,"Impact Score 10/10 derived from |sentiment|=1.00, event weight (Earnings)=0.95, source (news)=1.00, entity (BAC)=1.00. [Models: Financial Lexicon Fallback | Keyword Rule Fallback]"
NEWS-0012,2026-03-03 09:30:00,news,"Global semiconductor supply chain disruptions threaten auto production lines. Unforeseen factory outages in Southeast Asia have tightened microcontroller supplies, impacting global automotive assembly schedules.",TSLA,-1.0,Product Launch,8,0.75,"Impact Score 8/10 derived from |sentiment|=1.00, event weight (Product Launch)=0.85, source (news)=1.00, entity (TSLA)=1.00. [Models: Financial Lexicon Fallback | Keyword Rule Fallback]"
API-1791009420173,2026-10-03 12:07:00,news,Microsoft Azure cloud revenue surged 31% beating expectations,MSFT,1.0,Earnings,10,0.75,"Impact Score 10/10 derived from |sentiment|=1.00, event weight (Earnings)=0.95, source (news)=1.00, entity (MSFT)=1.00. [Models: Financial Lexicon Fallback | Keyword Rule Fallback]"
NEWS-0001,2026-03-01 09:15:00,news,Federal Reserve signals potential rate hikes amid persistent inflation concerns. The Federal Reserve hinted at maintaining higher interest rates for longer as core inflation data remains stickier than anticipated. Markets expect tightening credit conditions across wholesale banking sectors.,JPM,-0.5,Macroeconomic,6,0.95,"Impact Score 6/10 derived from |sentiment|=0.50, event weight (Macroeconomic)=1.15, source (news)=1.00, entity (JPM)=1.00. [Models: Financial Lexicon Fallback | Keyword Rule Fallback]"
TWEET-0001,2026-03-01 09:20:00,twitter,$NVDA breaking out to new all-time highs! Datacenter demand is insane #AI #Stocks,NVDA,0.0,Other,1,0.45,"Impact Score 1/10 derived from |sentiment|=0.00, event weight (Other)=0.70, source (twitter)=0.85, entity (NVDA)=1.00. [Models: Financial Lexicon Fallback | Keyword Rule Fallback]"
TWEET-0002,2026-03-01 10:05:00,twitter,$JPM exposure to commercial real estate loans could trigger credit downgrades if rates stay high,JPM,-1.0,Macroeconomic,10,0.7,"Impact Score 10/10 derived from |sentiment|=1.00, event weight (Macroeconomic)=1.15, source (twitter)=0.85, entity (JPM)=1.00. [Models: Financial Lexicon Fallback | Keyword Rule Fallback]"
NEWS-0002,2026-03-01 10:30:00,news,"NVIDIA unveils next-gen AI superchip architecture with 3x efficiency gains. NVIDIA announced its groundbreaking new Blackwell Ultra AI architecture at its annual tech summit, promising unprecedented compute power and major corporate data center adoption.",NVDA,1.0,Product Launch,8,0.875,"Impact Score 8/10 derived from |sentiment|=1.00, event weight (Product Launch)=0.85, source (news)=1.00, entity (NVDA)=1.00. [Models: Financial Lexicon Fallback | Keyword Rule Fallback]"
NEWS-0003,2026-03-01 11:45:00,news,Geopolitical tensions in Strait of Hormuz escalate; crude oil surges 8%. Naval blockades and drone activity in key shipping lanes have disrupted global oil exports. Energy analysts warn of supply chain bottlenecks and elevated freight insurance premiums.,XOM,-0.3333,Geopolitical,4,0.925,"Impact Score 4/10 derived from |sentiment|=0.33, event weight (Geopolitical)=1.25, source (news)=1.00, entity (XOM)=1.00. [Models: Financial Lexicon Fallback | Keyword Rule Fallback]"
TWEET-0003,2026-03-01 11:50:00,twitter,Oil spiking hard today! $XOM and $CVX printing cash flow right now 🛢️📈,XOM,0.0,Other,1,0.45,"Impact Score 1/10 derived from |sentiment|=0.00, event weight (Other)=0.70, source (twitter)=0.85, entity (XOM)=1.00. [Models: Financial Lexicon Fallback | Keyword Rule Fallback]"
NEWS-0004,2026-03-01 13:00:00,news,"JPMorgan Chase reports record Q1 investment banking revenue beating estimates. JPMorgan Chase & Co. delivered blowout quarterly earnings, driven by strong advisory fees and robust net interest income despite broader market volatility.",JPM,1.0,Earnings,10,0.875,"Impact Score 10/10 derived from |sentiment|=1.00, event weight (Earnings)=0.95, source (news)=1.00, entity (JPM)=1.00. [Models: Financial Lexicon Fallback | Keyword Rule Fallback]"
TWEET-0004,2026-03-01 13:10:00,twitter,Rumors of massive layoffs and restructuring at $META incoming next week,META,0.0,Credit Event,1,0.6,"Impact Score 1/10 derived from |sentiment|=0.00, event weight (Credit Event)=1.30, source (twitter)=0.85, entity (META)=1.00. [Models: Financial Lexicon Fallback | Keyword Rule Fallback]"
NEWS-0005,2026-03-01 14:20:00,news,FDA issues unexpected warning letter to Pfizer regarding manufacturing facility. The US Food and Drug Administration issued a formal regulatory compliance notice to Pfizer concerning quality control standards at its key biologics plant.,PFE,-1.0,Regulatory,10,0.825,"Impact Score 10/10 derived from |sentiment|=1.00, event weight (Regulatory)=1.15, source (news)=1.00, entity (PFE)=1.00. [Models: Financial Lexicon Fallback | Keyword Rule Fallback]"
TWEET-0005,2026-03-01 14:30:00,twitter,Huge earnings beat for $MSFT! Azure growth completely blew past analyst consensus.,MSFT,1.0,Earnings,8,0.75,"Impact Score 8/10 derived from |sentiment|=1.00, event weight (Earnings)=0.95, source (twitter)=0.85, entity (MSFT)=1.00. [Models: Financial Lexicon Fallback | Keyword Rule Fallback]"
NEWS-0006,2026-03-01 15:45:00,news,Apple acquires promising generative AI startup for $2.4 Billion. Apple Inc. finalized a multi-billion dollar acquisition to accelerate its on-device neural processing engine capabilities ahead of the upcoming iPhone launch.,AAPL,0.0,Merger/Acquisition,1,0.675,"Impact Score 1/10 derived from |sentiment|=0.00, event weight (Merger/Acquisition)=1.05, source (news)=1.00, entity (AAPL)=1.00. [Models: Financial Lexicon Fallback | Keyword Rule Fallback]"
NEWS-0007,2026-03-02 09:00:00,news,"Regional energy supplier files for Chapter 11 bankruptcy following derivative default. A major midstream energy contractor defaulted on $500 million in senior debt obligations, raising credit contagion risks for syndicate bank lenders.",CVX,-1.0,Credit Event,10,0.95,"Impact Score 10/10 derived from |sentiment|=1.00, event weight (Credit Event)=1.30, source (news)=1.00, entity (CVX)=1.00. [Models: Financial Lexicon Fallback | Keyword Rule Fallback]"
TWEET-0006,2026-03-02 09:15:00,twitter,Regulatory scrutiny on Big Tech $GOOGL ad monopoly case wrapping up soon. High fine expected.,GOOGL,-1.0,Regulatory,10,0.825,"Impact Score 10/10 derived from |sentiment|=1.00, event weight (Regulatory)=1.15, source (twitter)=0.85, entity (GOOGL)=1.00. [Models: Financial Lexicon Fallback | Keyword Rule Fallback]"
NEWS-0008,2026-03-02 10:15:00,news,"Microsoft Cloud Azure revenue accelerates 31% year-over-year. Microsoft reported strong cloud adoption across enterprise clients, boosting commercial cloud margins and forward growth guidance.",MSFT,1.0,Earnings,10,0.875,"Impact Score 10/10 derived from |sentiment|=1.00, event weight (Earnings)=0.95, source (news)=1.00, entity (MSFT)=1.00. [Models: Financial Lexicon Fallback | Keyword Rule Fallback]"
TWEET-0007,2026-03-02 10:45:00,twitter,$AAPL Vision Pro sales surging in European markets ahead of target!,AAPL,1.0,Product Launch,7,0.7,"Impact Score 7/10 derived from |sentiment|=1.00, event weight (Product Launch)=0.85, source (twitter)=0.85, entity (AAPL)=1.00. [Models: Financial Lexicon Fallback | Keyword Rule Fallback]"
NEWS-0009,2026-03-02 11:30:00,news,EU Antitrust commission launches formal inquiry into Amazon marketplace pricing practices. European Union regulatory authorities opened an investigation into alleged anti-competitive merchant fee structures on Amazon's regional ecommerce platforms.,AMZN,-1.0,Regulatory,10,0.875,"Impact Score 10/10 derived from |sentiment|=1.00, event weight (Regulatory)=1.15, source (news)=1.00, entity (AMZN)=1.00. [Models: Financial Lexicon Fallback | Keyword Rule Fallback]"
TWEET-0008,2026-03-02 12:00:00,twitter,Uncertainty in credit markets! Moody's warning on $BAC leverage metrics.,BAC,-1.0,Geopolitical,10,0.7,"Impact Score 10/10 derived from |sentiment|=1.00, event weight (Geopolitical)=1.25, source (twitter)=0.85, entity (BAC)=1.00. [Models: Financial Lexicon Fallback | Keyword Rule Fallback]"
NEWS-0010,2026-03-02 13:45:00,news,"Tesla recalls 150,000 vehicles over steering assist software glitch. Tesla Inc announced an over-the-air recall for Model Y vehicles following consumer reports of intermittent power steering resistance during cold weather.",TSLA,-1.0,Product Launch,8,0.875,"Impact Score 8/10 derived from |sentiment|=1.00, event weight (Product Launch)=0.85, source (news)=1.00, entity (TSLA)=1.00. [Models: Financial Lexicon Fallback | Keyword Rule Fallback]"
NEWS-0011,2026-03-02 15:00:00,news,"Bank of America raises quarterly dividend by 10% following stress test approval. Bank of America Corp declared an increased capital distribution strategy, highlighting strong liquidity buffers and Tier 1 capital ratios.",BAC,1.0,Earnings,10,0.775,"Impact Score 10/10 derived from |sentiment|=1.00, event weight (Earnings)=0.95, source (news)=1.00, entity (BAC)=1.00. [Models: Financial Lexicon Fallback | Keyword Rule Fallback]"
NEWS-0012,2026-03-03 09:30:00,news,"Global semiconductor supply chain disruptions threaten auto production lines. Unforeseen factory outages in Southeast Asia have tightened microcontroller supplies, impacting global automotive assembly schedules.",TSLA,-1.0,Product Launch,8,0.75,"Impact Score 8/10 derived from |sentiment|=1.00, event weight (Product Launch)=0.85, source (news)=1.00, entity (TSLA)=1.00. [Models: Financial Lexicon Fallback | Keyword Rule Fallback]"
API-1791009562667,2026-10-03 12:09:22,news,Microsoft Azure cloud revenue surged 31% beating expectations,MSFT,1.0,Earnings,10,0.75,"Impact Score 10/10 derived from |sentiment|=1.00, event weight (Earnings)=0.95, source (news)=1.00, entity (MSFT)=1.00. [Models: Financial Lexicon Fallback | Keyword Rule Fallback]"
NEWS-0001,2026-03-01 09:15:00,news,Federal Reserve signals potential rate hikes amid persistent inflation concerns. The Federal Reserve hinted at maintaining higher interest rates for longer as core inflation data remains stickier than anticipated. Markets expect tightening credit conditions across wholesale banking sectors.,JPM,-0.5,Macroeconomic,6,0.95,"Impact Score 6/10 derived from |sentiment|=0.50, event weight (Macroeconomic)=1.15, source (news)=1.00, entity (JPM)=1.00. [Models: Financial Lexicon Fallback | Keyword Rule Fallback]"
TWEET-0001,2026-03-01 09:20:00,twitter,$NVDA breaking out to new all-time highs! Datacenter demand is insane #AI #Stocks,NVDA,0.0,Other,1,0.45,"Impact Score 1/10 derived from |sentiment|=0.00, event weight (Other)=0.70, source (twitter)=0.85, entity (NVDA)=1.00. [Models: Financial Lexicon Fallback | Keyword Rule Fallback]"
TWEET-0002,2026-03-01 10:05:00,twitter,$JPM exposure to commercial real estate loans could trigger credit downgrades if rates stay high,JPM,-1.0,Macroeconomic,10,0.7,"Impact Score 10/10 derived from |sentiment|=1.00, event weight (Macroeconomic)=1.15, source (twitter)=0.85, entity (JPM)=1.00. [Models: Financial Lexicon Fallback | Keyword Rule Fallback]"
NEWS-0002,2026-03-01 10:30:00,news,"NVIDIA unveils next-gen AI superchip architecture with 3x efficiency gains. NVIDIA announced its groundbreaking new Blackwell Ultra AI architecture at its annual tech summit, promising unprecedented compute power and major corporate data center adoption.",NVDA,1.0,Product Launch,8,0.875,"Impact Score 8/10 derived from |sentiment|=1.00, event weight (Product Launch)=0.85, source (news)=1.00, entity (NVDA)=1.00. [Models: Financial Lexicon Fallback | Keyword Rule Fallback]"
NEWS-0003,2026-03-01 11:45:00,news,Geopolitical tensions in Strait of Hormuz escalate; crude oil surges 8%. Naval blockades and drone activity in key shipping lanes have disrupted global oil exports. Energy analysts warn of supply chain bottlenecks and elevated freight insurance premiums.,XOM,-0.3333,Geopolitical,4,0.925,"Impact Score 4/10 derived from |sentiment|=0.33, event weight (Geopolitical)=1.25, source (news)=1.00, entity (XOM)=1.00. [Models: Financial Lexicon Fallback | Keyword Rule Fallback]"
TWEET-0003,2026-03-01 11:50:00,twitter,Oil spiking hard today! $XOM and $CVX printing cash flow right now 🛢️📈,XOM,0.0,Other,1,0.45,"Impact Score 1/10 derived from |sentiment|=0.00, event weight (Other)=0.70, source (twitter)=0.85, entity (XOM)=1.00. [Models: Financial Lexicon Fallback | Keyword Rule Fallback]"
NEWS-0004,2026-03-01 13:00:00,news,"JPMorgan Chase reports record Q1 investment banking revenue beating estimates. JPMorgan Chase & Co. delivered blowout quarterly earnings, driven by strong advisory fees and robust net interest income despite broader market volatility.",JPM,1.0,Earnings,10,0.875,"Impact Score 10/10 derived from |sentiment|=1.00, event weight (Earnings)=0.95, source (news)=1.00, entity (JPM)=1.00. [Models: Financial Lexicon Fallback | Keyword Rule Fallback]"
TWEET-0004,2026-03-01 13:10:00,twitter,Rumors of massive layoffs and restructuring at $META incoming next week,META,0.0,Credit Event,1,0.6,"Impact Score 1/10 derived from |sentiment|=0.00, event weight (Credit Event)=1.30, source (twitter)=0.85, entity (META)=1.00. [Models: Financial Lexicon Fallback | Keyword Rule Fallback]"
NEWS-0005,2026-03-01 14:20:00,news,FDA issues unexpected warning letter to Pfizer regarding manufacturing facility. The US Food and Drug Administration issued a formal regulatory compliance notice to Pfizer concerning quality control standards at its key biologics plant.,PFE,-1.0,Regulatory,10,0.825,"Impact Score 10/10 derived from |sentiment|=1.00, event weight (Regulatory)=1.15, source (news)=1.00, entity (PFE)=1.00. [Models: Financial Lexicon Fallback | Keyword Rule Fallback]"
TWEET-0005,2026-03-01 14:30:00,twitter,Huge earnings beat for $MSFT! Azure growth completely blew past analyst consensus.,MSFT,1.0,Earnings,8,0.75,"Impact Score 8/10 derived from |sentiment|=1.00, event weight (Earnings)=0.95, source (twitter)=0.85, entity (MSFT)=1.00. [Models: Financial Lexicon Fallback | Keyword Rule Fallback]"
NEWS-0006,2026-03-01 15:45:00,news,Apple acquires promising generative AI startup for $2.4 Billion. Apple Inc. finalized a multi-billion dollar acquisition to accelerate its on-device neural processing engine capabilities ahead of the upcoming iPhone launch.,AAPL,0.0,Merger/Acquisition,1,0.675,"Impact Score 1/10 derived from |sentiment|=0.00, event weight (Merger/Acquisition)=1.05, source (news)=1.00, entity (AAPL)=1.00. [Models: Financial Lexicon Fallback | Keyword Rule Fallback]"
NEWS-0007,2026-03-02 09:00:00,news,"Regional energy supplier files for Chapter 11 bankruptcy following derivative default. A major midstream energy contractor defaulted on $500 million in senior debt obligations, raising credit contagion risks for syndicate bank lenders.",CVX,-1.0,Credit Event,10,0.95,"Impact Score 10/10 derived from |sentiment|=1.00, event weight (Credit Event)=1.30, source (news)=1.00, entity (CVX)=1.00. [Models: Financial Lexicon Fallback | Keyword Rule Fallback]"
TWEET-0006,2026-03-02 09:15:00,twitter,Regulatory scrutiny on Big Tech $GOOGL ad monopoly case wrapping up soon. High fine expected.,GOOGL,-1.0,Regulatory,10,0.825,"Impact Score 10/10 derived from |sentiment|=1.00, event weight (Regulatory)=1.15, source (twitter)=0.85, entity (GOOGL)=1.00. [Models: Financial Lexicon Fallback | Keyword Rule Fallback]"
NEWS-0008,2026-03-02 10:15:00,news,"Microsoft Cloud Azure revenue accelerates 31% year-over-year. Microsoft reported strong cloud adoption across enterprise clients, boosting commercial cloud margins and forward growth guidance.",MSFT,1.0,Earnings,10,0.875,"Impact Score 10/10 derived from |sentiment|=1.00, event weight (Earnings)=0.95, source (news)=1.00, entity (MSFT)=1.00. [Models: Financial Lexicon Fallback | Keyword Rule Fallback]"
TWEET-0007,2026-03-02 10:45:00,twitter,$AAPL Vision Pro sales surging in European markets ahead of target!,AAPL,1.0,Product Launch,7,0.7,"Impact Score 7/10 derived from |sentiment|=1.00, event weight (Product Launch)=0.85, source (twitter)=0.85, entity (AAPL)=1.00. [Models: Financial Lexicon Fallback | Keyword Rule Fallback]"
NEWS-0009,2026-03-02 11:30:00,news,EU Antitrust commission launches formal inquiry into Amazon marketplace pricing practices. European Union regulatory authorities opened an investigation into alleged anti-competitive merchant fee structures on Amazon's regional ecommerce platforms.,AMZN,-1.0,Regulatory,10,0.875,"Impact Score 10/10 derived from |sentiment|=1.00, event weight (Regulatory)=1.15, source (news)=1.00, entity (AMZN)=1.00. [Models: Financial Lexicon Fallback | Keyword Rule Fallback]"
TWEET-0008,2026-03-02 12:00:00,twitter,Uncertainty in credit markets! Moody's warning on $BAC leverage metrics.,BAC,-1.0,Geopolitical,10,0.7,"Impact Score 10/10 derived from |sentiment|=1.00, event weight (Geopolitical)=1.25, source (twitter)=0.85, entity (BAC)=1.00. [Models: Financial Lexicon Fallback | Keyword Rule Fallback]"
NEWS-0010,2026-03-02 13:45:00,news,"Tesla recalls 150,000 vehicles over steering assist software glitch. Tesla Inc announced an over-the-air recall for Model Y vehicles following consumer reports of intermittent power steering resistance during cold weather.",TSLA,-1.0,Product Launch,8,0.875,"Impact Score 8/10 derived from |sentiment|=1.00, event weight (Product Launch)=0.85, source (news)=1.00, entity (TSLA)=1.00. [Models: Financial Lexicon Fallback | Keyword Rule Fallback]"
NEWS-0011,2026-03-02 15:00:00,news,"Bank of America raises quarterly dividend by 10% following stress test approval. Bank of America Corp declared an increased capital distribution strategy, highlighting strong liquidity buffers and Tier 1 capital ratios.",BAC,1.0,Earnings,10,0.775,"Impact Score 10/10 derived from |sentiment|=1.00, event weight (Earnings)=0.95, source (news)=1.00, entity (BAC)=1.00. [Models: Financial Lexicon Fallback | Keyword Rule Fallback]"
NEWS-0012,2026-03-03 09:30:00,news,"Global semiconductor supply chain disruptions threaten auto production lines. Unforeseen factory outages in Southeast Asia have tightened microcontroller supplies, impacting global automotive assembly schedules.",TSLA,-1.0,Product Launch,8,0.75,"Impact Score 8/10 derived from |sentiment|=1.00, event weight (Product Launch)=0.85, source (news)=1.00, entity (TSLA)=1.00. [Models: Financial Lexicon Fallback | Keyword Rule Fallback]"
NEWS-0001,2026-03-01 09:15:00,news,Federal Reserve signals potential rate hikes amid persistent inflation concerns. The Federal Reserve hinted at maintaining higher interest rates for longer as core inflation data remains stickier than anticipated. Markets expect tightening credit conditions across wholesale banking sectors.,JPM,-0.5,Macroeconomic,6,0.95,"Impact Score 6/10 derived from |sentiment|=0.50, event weight (Macroeconomic)=1.15, source (news)=1.00, entity (JPM)=1.00. [Models: Financial Lexicon Fallback | Keyword Rule Fallback]"
TWEET-0001,2026-03-01 09:20:00,twitter,$NVDA breaking out to new all-time highs! Datacenter demand is insane #AI #Stocks,NVDA,0.0,Other,1,0.45,"Impact Score 1/10 derived from |sentiment|=0.00, event weight (Other)=0.70, source (twitter)=0.85, entity (NVDA)=1.00. [Models: Financial Lexicon Fallback | Keyword Rule Fallback]"
TWEET-0002,2026-03-01 10:05:00,twitter,$JPM exposure to commercial real estate loans could trigger credit downgrades if rates stay high,JPM,-1.0,Macroeconomic,10,0.7,"Impact Score 10/10 derived from |sentiment|=1.00, event weight (Macroeconomic)=1.15, source (twitter)=0.85, entity (JPM)=1.00. [Models: Financial Lexicon Fallback | Keyword Rule Fallback]"
NEWS-0002,2026-03-01 10:30:00,news,"NVIDIA unveils next-gen AI superchip architecture with 3x efficiency gains. NVIDIA announced its groundbreaking new Blackwell Ultra AI architecture at its annual tech summit, promising unprecedented compute power and major corporate data center adoption.",NVDA,1.0,Product Launch,8,0.875,"Impact Score 8/10 derived from |sentiment|=1.00, event weight (Product Launch)=0.85, source (news)=1.00, entity (NVDA)=1.00. [Models: Financial Lexicon Fallback | Keyword Rule Fallback]"
NEWS-0003,2026-03-01 11:45:00,news,Geopolitical tensions in Strait of Hormuz escalate; crude oil surges 8%. Naval blockades and drone activity in key shipping lanes have disrupted global oil exports. Energy analysts warn of supply chain bottlenecks and elevated freight insurance premiums.,XOM,-0.3333,Geopolitical,4,0.925,"Impact Score 4/10 derived from |sentiment|=0.33, event weight (Geopolitical)=1.25, source (news)=1.00, entity (XOM)=1.00. [Models: Financial Lexicon Fallback | Keyword Rule Fallback]"
TWEET-0003,2026-03-01 11:50:00,twitter,Oil spiking hard today! $XOM and $CVX printing cash flow right now 🛢️📈,XOM,0.0,Other,1,0.45,"Impact Score 1/10 derived from |sentiment|=0.00, event weight (Other)=0.70, source (twitter)=0.85, entity (XOM)=1.00. [Models: Financial Lexicon Fallback | Keyword Rule Fallback]"
NEWS-0004,2026-03-01 13:00:00,news,"JPMorgan Chase reports record Q1 investment banking revenue beating estimates. JPMorgan Chase & Co. delivered blowout quarterly earnings, driven by strong advisory fees and robust net interest income despite broader market volatility.",JPM,1.0,Earnings,10,0.875,"Impact Score 10/10 derived from |sentiment|=1.00, event weight (Earnings)=0.95, source (news)=1.00, entity (JPM)=1.00. [Models: Financial Lexicon Fallback | Keyword Rule Fallback]"
TWEET-0004,2026-03-01 13:10:00,twitter,Rumors of massive layoffs and restructuring at $META incoming next week,META,0.0,Credit Event,1,0.6,"Impact Score 1/10 derived from |sentiment|=0.00, event weight (Credit Event)=1.30, source (twitter)=0.85, entity (META)=1.00. [Models: Financial Lexicon Fallback | Keyword Rule Fallback]"
NEWS-0005,2026-03-01 14:20:00,news,FDA issues unexpected warning letter to Pfizer regarding manufacturing facility. The US Food and Drug Administration issued a formal regulatory compliance notice to Pfizer concerning quality control standards at its key biologics plant.,PFE,-1.0,Regulatory,10,0.825,"Impact Score 10/10 derived from |sentiment|=1.00, event weight (Regulatory)=1.15, source (news)=1.00, entity (PFE)=1.00. [Models: Financial Lexicon Fallback | Keyword Rule Fallback]"
TWEET-0005,2026-03-01 14:30:00,twitter,Huge earnings beat for $MSFT! Azure growth completely blew past analyst consensus.,MSFT,1.0,Earnings,8,0.75,"Impact Score 8/10 derived from |sentiment|=1.00, event weight (Earnings)=0.95, source (twitter)=0.85, entity (MSFT)=1.00. [Models: Financial Lexicon Fallback | Keyword Rule Fallback]"
NEWS-0006,2026-03-01 15:45:00,news,Apple acquires promising generative AI startup for $2.4 Billion. Apple Inc. finalized a multi-billion dollar acquisition to accelerate its on-device neural processing engine capabilities ahead of the upcoming iPhone launch.,AAPL,0.0,Merger/Acquisition,1,0.675,"Impact Score 1/10 derived from |sentiment|=0.00, event weight (Merger/Acquisition)=1.05, source (news)=1.00, entity (AAPL)=1.00. [Models: Financial Lexicon Fallback | Keyword Rule Fallback]"
NEWS-0007,2026-03-02 09:00:00,news,"Regional energy supplier files for Chapter 11 bankruptcy following derivative default. A major midstream energy contractor defaulted on $500 million in senior debt obligations, raising credit contagion risks for syndicate bank lenders.",CVX,-1.0,Credit Event,10,0.95,"Impact Score 10/10 derived from |sentiment|=1.00, event weight (Credit Event)=1.30, source (news)=1.00, entity (CVX)=1.00. [Models: Financial Lexicon Fallback | Keyword Rule Fallback]"
TWEET-0006,2026-03-02 09:15:00,twitter,Regulatory scrutiny on Big Tech $GOOGL ad monopoly case wrapping up soon. High fine expected.,GOOGL,-1.0,Regulatory,10,0.825,"Impact Score 10/10 derived from |sentiment|=1.00, event weight (Regulatory)=1.15, source (twitter)=0.85, entity (GOOGL)=1.00. [Models: Financial Lexicon Fallback | Keyword Rule Fallback]"
NEWS-0008,2026-03-02 10:15:00,news,"Microsoft Cloud Azure revenue accelerates 31% year-over-year. Microsoft reported strong cloud adoption across enterprise clients, boosting commercial cloud margins and forward growth guidance.",MSFT,1.0,Earnings,10,0.875,"Impact Score 10/10 derived from |sentiment|=1.00, event weight (Earnings)=0.95, source (news)=1.00, entity (MSFT)=1.00. [Models: Financial Lexicon Fallback | Keyword Rule Fallback]"
TWEET-0007,2026-03-02 10:45:00,twitter,$AAPL Vision Pro sales surging in European markets ahead of target!,AAPL,1.0,Product Launch,7,0.7,"Impact Score 7/10 derived from |sentiment|=1.00, event weight (Product Launch)=0.85, source (twitter)=0.85, entity (AAPL)=1.00. [Models: Financial Lexicon Fallback | Keyword Rule Fallback]"
NEWS-0009,2026-03-02 11:30:00,news,EU Antitrust commission launches formal inquiry into Amazon marketplace pricing practices. European Union regulatory authorities opened an investigation into alleged anti-competitive merchant fee structures on Amazon's regional ecommerce platforms.,AMZN,-1.0,Regulatory,10,0.875,"Impact Score 10/10 derived from |sentiment|=1.00, event weight (Regulatory)=1.15, source (news)=1.00, entity (AMZN)=1.00. [Models: Financial Lexicon Fallback | Keyword Rule Fallback]"
TWEET-0008,2026-03-02 12:00:00,twitter,Uncertainty in credit markets! Moody's warning on $BAC leverage metrics.,BAC,-1.0,Geopolitical,10,0.7,"Impact Score 10/10 derived from |sentiment|=1.00, event weight (Geopolitical)=1.25, source (twitter)=0.85, entity (BAC)=1.00. [Models: Financial Lexicon Fallback | Keyword Rule Fallback]"
NEWS-0010,2026-03-02 13:45:00,news,"Tesla recalls 150,000 vehicles over steering assist software glitch. Tesla Inc announced an over-the-air recall for Model Y vehicles following consumer reports of intermittent power steering resistance during cold weather.",TSLA,-1.0,Product Launch,8,0.875,"Impact Score 8/10 derived from |sentiment|=1.00, event weight (Product Launch)=0.85, source (news)=1.00, entity (TSLA)=1.00. [Models: Financial Lexicon Fallback | Keyword Rule Fallback]"
NEWS-0011,2026-03-02 15:00:00,news,"Bank of America raises quarterly dividend by 10% following stress test approval. Bank of America Corp declared an increased capital distribution strategy, highlighting strong liquidity buffers and Tier 1 capital ratios.",BAC,1.0,Earnings,10,0.775,"Impact Score 10/10 derived from |sentiment|=1.00, event weight (Earnings)=0.95, source (news)=1.00, entity (BAC)=1.00. [Models: Financial Lexicon Fallback | Keyword Rule Fallback]"
NEWS-0012,2026-03-03 09:30:00,news,"Global semiconductor supply chain disruptions threaten auto production lines. Unforeseen factory outages in Southeast Asia have tightened microcontroller supplies, impacting global automotive assembly schedules.",TSLA,-1.0,Product Launch,8,0.75,"Impact Score 8/10 derived from |sentiment|=1.00, event weight (Product Launch)=0.85, source (news)=1.00, entity (TSLA)=1.00. [Models: Financial Lexicon Fallback | Keyword Rule Fallback]"
NEWS-0001,2026-03-01 09:15:00,news,Federal Reserve signals potential rate hikes amid persistent inflation concerns. The Federal Reserve hinted at maintaining higher interest rates for longer as core inflation data remains stickier than anticipated. Markets expect tightening credit conditions across wholesale banking sectors.,JPM,-0.5,Macroeconomic,6,0.95,"Impact Score 6/10 derived from |sentiment|=0.50, event weight (Macroeconomic)=1.15, source (news)=1.00, entity (JPM)=1.00. [Models: Financial Lexicon Fallback | Keyword Rule Fallback]"
TWEET-0001,2026-03-01 09:20:00,twitter,$NVDA breaking out to new all-time highs! Datacenter demand is insane #AI #Stocks,NVDA,0.0,Other,1,0.45,"Impact Score 1/10 derived from |sentiment|=0.00, event weight (Other)=0.70, source (twitter)=0.85, entity (NVDA)=1.00. [Models: Financial Lexicon Fallback | Keyword Rule Fallback]"
TWEET-0002,2026-03-01 10:05:00,twitter,$JPM exposure to commercial real estate loans could trigger credit downgrades if rates stay high,JPM,-1.0,Macroeconomic,10,0.7,"Impact Score 10/10 derived from |sentiment|=1.00, event weight (Macroeconomic)=1.15, source (twitter)=0.85, entity (JPM)=1.00. [Models: Financial Lexicon Fallback | Keyword Rule Fallback]"
NEWS-0002,2026-03-01 10:30:00,news,"NVIDIA unveils next-gen AI superchip architecture with 3x efficiency gains. NVIDIA announced its groundbreaking new Blackwell Ultra AI architecture at its annual tech summit, promising unprecedented compute power and major corporate data center adoption.",NVDA,1.0,Product Launch,8,0.875,"Impact Score 8/10 derived from |sentiment|=1.00, event weight (Product Launch)=0.85, source (news)=1.00, entity (NVDA)=1.00. [Models: Financial Lexicon Fallback | Keyword Rule Fallback]"
NEWS-0003,2026-03-01 11:45:00,news,Geopolitical tensions in Strait of Hormuz escalate; crude oil surges 8%. Naval blockades and drone activity in key shipping lanes have disrupted global oil exports. Energy analysts warn of supply chain bottlenecks and elevated freight insurance premiums.,XOM,-0.3333,Geopolitical,4,0.925,"Impact Score 4/10 derived from |sentiment|=0.33, event weight (Geopolitical)=1.25, source (news)=1.00, entity (XOM)=1.00. [Models: Financial Lexicon Fallback | Keyword Rule Fallback]"
TWEET-0003,2026-03-01 11:50:00,twitter,Oil spiking hard today! $XOM and $CVX printing cash flow right now 🛢️📈,XOM,0.0,Other,1,0.45,"Impact Score 1/10 derived from |sentiment|=0.00, event weight (Other)=0.70, source (twitter)=0.85, entity (XOM)=1.00. [Models: Financial Lexicon Fallback | Keyword Rule Fallback]"
NEWS-0004,2026-03-01 13:00:00,news,"JPMorgan Chase reports record Q1 investment banking revenue beating estimates. JPMorgan Chase & Co. delivered blowout quarterly earnings, driven by strong advisory fees and robust net interest income despite broader market volatility.",JPM,1.0,Earnings,10,0.875,"Impact Score 10/10 derived from |sentiment|=1.00, event weight (Earnings)=0.95, source (news)=1.00, entity (JPM)=1.00. [Models: Financial Lexicon Fallback | Keyword Rule Fallback]"
TWEET-0004,2026-03-01 13:10:00,twitter,Rumors of massive layoffs and restructuring at $META incoming next week,META,0.0,Credit Event,1,0.6,"Impact Score 1/10 derived from |sentiment|=0.00, event weight (Credit Event)=1.30, source (twitter)=0.85, entity (META)=1.00. [Models: Financial Lexicon Fallback | Keyword Rule Fallback]"
NEWS-0005,2026-03-01 14:20:00,news,FDA issues unexpected warning letter to Pfizer regarding manufacturing facility. The US Food and Drug Administration issued a formal regulatory compliance notice to Pfizer concerning quality control standards at its key biologics plant.,PFE,-1.0,Regulatory,10,0.825,"Impact Score 10/10 derived from |sentiment|=1.00, event weight (Regulatory)=1.15, source (news)=1.00, entity (PFE)=1.00. [Models: Financial Lexicon Fallback | Keyword Rule Fallback]"
TWEET-0005,2026-03-01 14:30:00,twitter,Huge earnings beat for $MSFT! Azure growth completely blew past analyst consensus.,MSFT,1.0,Earnings,8,0.75,"Impact Score 8/10 derived from |sentiment|=1.00, event weight (Earnings)=0.95, source (twitter)=0.85, entity (MSFT)=1.00. [Models: Financial Lexicon Fallback | Keyword Rule Fallback]"
NEWS-0006,2026-03-01 15:45:00,news,Apple acquires promising generative AI startup for $2.4 Billion. Apple Inc. finalized a multi-billion dollar acquisition to accelerate its on-device neural processing engine capabilities ahead of the upcoming iPhone launch.,AAPL,0.0,Merger/Acquisition,1,0.675,"Impact Score 1/10 derived from |sentiment|=0.00, event weight (Merger/Acquisition)=1.05, source (news)=1.00, entity (AAPL)=1.00. [Models: Financial Lexicon Fallback | Keyword Rule Fallback]"
NEWS-0007,2026-03-02 09:00:00,news,"Regional energy supplier files for Chapter 11 bankruptcy following derivative default. A major midstream energy contractor defaulted on $500 million in senior debt obligations, raising credit contagion risks for syndicate bank lenders.",CVX,-1.0,Credit Event,10,0.95,"Impact Score 10/10 derived from |sentiment|=1.00, event weight (Credit Event)=1.30, source (news)=1.00, entity (CVX)=1.00. [Models: Financial Lexicon Fallback | Keyword Rule Fallback]"
TWEET-0006,2026-03-02 09:15:00,twitter,Regulatory scrutiny on Big Tech $GOOGL ad monopoly case wrapping up soon. High fine expected.,GOOGL,-1.0,Regulatory,10,0.825,"Impact Score 10/10 derived from |sentiment|=1.00, event weight (Regulatory)=1.15, source (twitter)=0.85, entity (GOOGL)=1.00. [Models: Financial Lexicon Fallback | Keyword Rule Fallback]"
NEWS-0008,2026-03-02 10:15:00,news,"Microsoft Cloud Azure revenue accelerates 31% year-over-year. Microsoft reported strong cloud adoption across enterprise clients, boosting commercial cloud margins and forward growth guidance.",MSFT,1.0,Earnings,10,0.875,"Impact Score 10/10 derived from |sentiment|=1.00, event weight (Earnings)=0.95, source (news)=1.00, entity (MSFT)=1.00. [Models: Financial Lexicon Fallback | Keyword Rule Fallback]"
TWEET-0007,2026-03-02 10:45:00,twitter,$AAPL Vision Pro sales surging in European markets ahead of target!,AAPL,1.0,Product Launch,7,0.7,"Impact Score 7/10 derived from |sentiment|=1.00, event weight (Product Launch)=0.85, source (twitter)=0.85, entity (AAPL)=1.00. [Models: Financial Lexicon Fallback | Keyword Rule Fallback]"
NEWS-0009,2026-03-02 11:30:00,news,EU Antitrust commission launches formal inquiry into Amazon marketplace pricing practices. European Union regulatory authorities opened an investigation into alleged anti-competitive merchant fee structures on Amazon's regional ecommerce platforms.,AMZN,-1.0,Regulatory,10,0.875,"Impact Score 10/10 derived from |sentiment|=1.00, event weight (Regulatory)=1.15, source (news)=1.00, entity (AMZN)=1.00. [Models: Financial Lexicon Fallback | Keyword Rule Fallback]"
TWEET-0008,2026-03-02 12:00:00,twitter,Uncertainty in credit markets! Moody's warning on $BAC leverage metrics.,BAC,-1.0,Geopolitical,10,0.7,"Impact Score 10/10 derived from |sentiment|=1.00, event weight (Geopolitical)=1.25, source (twitter)=0.85, entity (BAC)=1.00. [Models: Financial Lexicon Fallback | Keyword Rule Fallback]"
NEWS-0010,2026-03-02 13:45:00,news,"Tesla recalls 150,000 vehicles over steering assist software glitch. Tesla Inc announced an over-the-air recall for Model Y vehicles following consumer reports of intermittent power steering resistance during cold weather.",TSLA,-1.0,Product Launch,8,0.875,"Impact Score 8/10 derived from |sentiment|=1.00, event weight (Product Launch)=0.85, source (news)=1.00, entity (TSLA)=1.00. [Models: Financial Lexicon Fallback | Keyword Rule Fallback]"
NEWS-0011,2026-03-02 15:00:00,news,"Bank of America raises quarterly dividend by 10% following stress test approval. Bank of America Corp declared an increased capital distribution strategy, highlighting strong liquidity buffers and Tier 1 capital ratios.",BAC,1.0,Earnings,10,0.775,"Impact Score 10/10 derived from |sentiment|=1.00, event weight (Earnings)=0.95, source (news)=1.00, entity (BAC)=1.00. [Models: Financial Lexicon Fallback | Keyword Rule Fallback]"
NEWS-0012,2026-03-03 09:30:00,news,"Global semiconductor supply chain disruptions threaten auto production lines. Unforeseen factory outages in Southeast Asia have tightened microcontroller supplies, impacting global automotive assembly schedules.",TSLA,-1.0,Product Launch,8,0.75,"Impact Score 8/10 derived from |sentiment|=1.00, event weight (Product Launch)=0.85, source (news)=1.00, entity (TSLA)=1.00. [Models: Financial Lexicon Fallback | Keyword Rule Fallback]"
API-1791012431172,2026-10-03 12:57:11,news,Microsoft Azure cloud revenue surged 31% beating expectations,MSFT,1.0,Earnings,10,0.75,"Impact Score 10/10 derived from |sentiment|=1.00, event weight (Earnings)=0.95, source (news)=1.00, entity (MSFT)=1.00. [Models: Financial Lexicon Fallback | Keyword Rule Fallback]"
NEWS-0001,2026-03-01 09:15:00,news,Federal Reserve signals potential rate hikes amid persistent inflation concerns. The Federal Reserve hinted at maintaining higher interest rates for longer as core inflation data remains stickier than anticipated. Markets expect tightening credit conditions across wholesale banking sectors.,JPM,-0.5,Macroeconomic,6,0.95,"Impact Score 6/10 derived from |sentiment|=0.50, event weight (Macroeconomic)=1.15, source (news)=1.00, entity (JPM)=1.00. [Models: Financial Lexicon Fallback | Keyword Rule Fallback]"
TWEET-0001,2026-03-01 09:20:00,twitter,$NVDA breaking out to new all-time highs! Datacenter demand is insane #AI #Stocks,NVDA,0.0,Other,1,0.45,"Impact Score 1/10 derived from |sentiment|=0.00, event weight (Other)=0.70, source (twitter)=0.85, entity (NVDA)=1.00. [Models: Financial Lexicon Fallback | Keyword Rule Fallback]"
TWEET-0002,2026-03-01 10:05:00,twitter,$JPM exposure to commercial real estate loans could trigger credit downgrades if rates stay high,JPM,-1.0,Macroeconomic,10,0.7,"Impact Score 10/10 derived from |sentiment|=1.00, event weight (Macroeconomic)=1.15, source (twitter)=0.85, entity (JPM)=1.00. [Models: Financial Lexicon Fallback | Keyword Rule Fallback]"
NEWS-0002,2026-03-01 10:30:00,news,"NVIDIA unveils next-gen AI superchip architecture with 3x efficiency gains. NVIDIA announced its groundbreaking new Blackwell Ultra AI architecture at its annual tech summit, promising unprecedented compute power and major corporate data center adoption.",NVDA,1.0,Product Launch,8,0.875,"Impact Score 8/10 derived from |sentiment|=1.00, event weight (Product Launch)=0.85, source (news)=1.00, entity (NVDA)=1.00. [Models: Financial Lexicon Fallback | Keyword Rule Fallback]"
NEWS-0003,2026-03-01 11:45:00,news,Geopolitical tensions in Strait of Hormuz escalate; crude oil surges 8%. Naval blockades and drone activity in key shipping lanes have disrupted global oil exports. Energy analysts warn of supply chain bottlenecks and elevated freight insurance premiums.,XOM,-0.3333,Geopolitical,4,0.925,"Impact Score 4/10 derived from |sentiment|=0.33, event weight (Geopolitical)=1.25, source (news)=1.00, entity (XOM)=1.00. [Models: Financial Lexicon Fallback | Keyword Rule Fallback]"
TWEET-0003,2026-03-01 11:50:00,twitter,Oil spiking hard today! $XOM and $CVX printing cash flow right now 🛢️📈,XOM,0.0,Other,1,0.45,"Impact Score 1/10 derived from |sentiment|=0.00, event weight (Other)=0.70, source (twitter)=0.85, entity (XOM)=1.00. [Models: Financial Lexicon Fallback | Keyword Rule Fallback]"
NEWS-0004,2026-03-01 13:00:00,news,"JPMorgan Chase reports record Q1 investment banking revenue beating estimates. JPMorgan Chase & Co. delivered blowout quarterly earnings, driven by strong advisory fees and robust net interest income despite broader market volatility.",JPM,1.0,Earnings,10,0.875,"Impact Score 10/10 derived from |sentiment|=1.00, event weight (Earnings)=0.95, source (news)=1.00, entity (JPM)=1.00. [Models: Financial Lexicon Fallback | Keyword Rule Fallback]"
TWEET-0004,2026-03-01 13:10:00,twitter,Rumors of massive layoffs and restructuring at $META incoming next week,META,0.0,Credit Event,1,0.6,"Impact Score 1/10 derived from |sentiment|=0.00, event weight (Credit Event)=1.30, source (twitter)=0.85, entity (META)=1.00. [Models: Financial Lexicon Fallback | Keyword Rule Fallback]"
NEWS-0005,2026-03-01 14:20:00,news,FDA issues unexpected warning letter to Pfizer regarding manufacturing facility. The US Food and Drug Administration issued a formal regulatory compliance notice to Pfizer concerning quality control standards at its key biologics plant.,PFE,-1.0,Regulatory,10,0.825,"Impact Score 10/10 derived from |sentiment|=1.00, event weight (Regulatory)=1.15, source (news)=1.00, entity (PFE)=1.00. [Models: Financial Lexicon Fallback | Keyword Rule Fallback]"
TWEET-0005,2026-03-01 14:30:00,twitter,Huge earnings beat for $MSFT! Azure growth completely blew past analyst consensus.,MSFT,1.0,Earnings,8,0.75,"Impact Score 8/10 derived from |sentiment|=1.00, event weight (Earnings)=0.95, source (twitter)=0.85, entity (MSFT)=1.00. [Models: Financial Lexicon Fallback | Keyword Rule Fallback]"
NEWS-0006,2026-03-01 15:45:00,news,Apple acquires promising generative AI startup for $2.4 Billion. Apple Inc. finalized a multi-billion dollar acquisition to accelerate its on-device neural processing engine capabilities ahead of the upcoming iPhone launch.,AAPL,0.0,Merger/Acquisition,1,0.675,"Impact Score 1/10 derived from |sentiment|=0.00, event weight (Merger/Acquisition)=1.05, source (news)=1.00, entity (AAPL)=1.00. [Models: Financial Lexicon Fallback | Keyword Rule Fallback]"
NEWS-0007,2026-03-02 09:00:00,news,"Regional energy supplier files for Chapter 11 bankruptcy following derivative default. A major midstream energy contractor defaulted on $500 million in senior debt obligations, raising credit contagion risks for syndicate bank lenders.",CVX,-1.0,Credit Event,10,0.95,"Impact Score 10/10 derived from |sentiment|=1.00, event weight (Credit Event)=1.30, source (news)=1.00, entity (CVX)=1.00. [Models: Financial Lexicon Fallback | Keyword Rule Fallback]"
TWEET-0006,2026-03-02 09:15:00,twitter,Regulatory scrutiny on Big Tech $GOOGL ad monopoly case wrapping up soon. High fine expected.,GOOGL,-1.0,Regulatory,10,0.825,"Impact Score 10/10 derived from |sentiment|=1.00, event weight (Regulatory)=1.15, source (twitter)=0.85, entity (GOOGL)=1.00. [Models: Financial Lexicon Fallback | Keyword Rule Fallback]"
NEWS-0008,2026-03-02 10:15:00,news,"Microsoft Cloud Azure revenue accelerates 31% year-over-year. Microsoft reported strong cloud adoption across enterprise clients, boosting commercial cloud margins and forward growth guidance.",MSFT,1.0,Earnings,10,0.875,"Impact Score 10/10 derived from |sentiment|=1.00, event weight (Earnings)=0.95, source (news)=1.00, entity (MSFT)=1.00. [Models: Financial Lexicon Fallback | Keyword Rule Fallback]"
TWEET-0007,2026-03-02 10:45:00,twitter,$AAPL Vision Pro sales surging in European markets ahead of target!,AAPL,1.0,Product Launch,7,0.7,"Impact Score 7/10 derived from |sentiment|=1.00, event weight (Product Launch)=0.85, source (twitter)=0.85, entity (AAPL)=1.00. [Models: Financial Lexicon Fallback | Keyword Rule Fallback]"
NEWS-0009,2026-03-02 11:30:00,news,EU Antitrust commission launches formal inquiry into Amazon marketplace pricing practices. European Union regulatory authorities opened an investigation into alleged anti-competitive merchant fee structures on Amazon's regional ecommerce platforms.,AMZN,-1.0,Regulatory,10,0.875,"Impact Score 10/10 derived from |sentiment|=1.00, event weight (Regulatory)=1.15, source (news)=1.00, entity (AMZN)=1.00. [Models: Financial Lexicon Fallback | Keyword Rule Fallback]"
TWEET-0008,2026-03-02 12:00:00,twitter,Uncertainty in credit markets! Moody's warning on $BAC leverage metrics.,BAC,-1.0,Geopolitical,10,0.7,"Impact Score 10/10 derived from |sentiment|=1.00, event weight (Geopolitical)=1.25, source (twitter)=0.85, entity (BAC)=1.00. [Models: Financial Lexicon Fallback | Keyword Rule Fallback]"
NEWS-0010,2026-03-02 13:45:00,news,"Tesla recalls 150,000 vehicles over steering assist software glitch. Tesla Inc announced an over-the-air recall for Model Y vehicles following consumer reports of intermittent power steering resistance during cold weather.",TSLA,-1.0,Product Launch,8,0.875,"Impact Score 8/10 derived from |sentiment|=1.00, event weight (Product Launch)=0.85, source (news)=1.00, entity (TSLA)=1.00. [Models: Financial Lexicon Fallback | Keyword Rule Fallback]"
NEWS-0011,2026-03-02 15:00:00,news,"Bank of America raises quarterly dividend by 10% following stress test approval. Bank of America Corp declared an increased capital distribution strategy, highlighting strong liquidity buffers and Tier 1 capital ratios.",BAC,1.0,Earnings,10,0.775,"Impact Score 10/10 derived from |sentiment|=1.00, event weight (Earnings)=0.95, source (news)=1.00, entity (BAC)=1.00. [Models: Financial Lexicon Fallback | Keyword Rule Fallback]"
NEWS-0012,2026-03-03 09:30:00,news,"Global semiconductor supply chain disruptions threaten auto production lines. Unforeseen factory outages in Southeast Asia have tightened microcontroller supplies, impacting global automotive assembly schedules.",TSLA,-1.0,Product Launch,8,0.75,"Impact Score 8/10 derived from |sentiment|=1.00, event weight (Product Launch)=0.85, source (news)=1.00, entity (TSLA)=1.00. [Models: Financial Lexicon Fallback | Keyword Rule Fallback]"
API-1791015011440,2026-10-03 13:40:11,news,Microsoft Azure cloud revenue surged 31% beating expectations,MSFT,1.0,Earnings,10,0.75,"Impact Score 10/10 derived from |sentiment|=1.00, event weight (Earnings)=0.95, source (news)=1.00, entity (MSFT)=1.00. [Models: Financial Lexicon Fallback | Keyword Rule Fallback]"
NEWS-0001,2026-03-01 09:15:00,news,Federal Reserve signals potential rate hikes amid persistent inflation concerns. The Federal Reserve hinted at maintaining higher interest rates for longer as core inflation data remains stickier than anticipated. Markets expect tightening credit conditions across wholesale banking sectors.,JPM,-0.5,Macroeconomic,6,0.95,"Impact Score 6/10 derived from |sentiment|=0.50, event weight (Macroeconomic)=1.15, source (news)=1.00, entity (JPM)=1.00. [Models: Financial Lexicon Fallback | Keyword Rule Fallback]"
TWEET-0001,2026-03-01 09:20:00,twitter,$NVDA breaking out to new all-time highs! Datacenter demand is insane #AI #Stocks,NVDA,0.0,Other,1,0.45,"Impact Score 1/10 derived from |sentiment|=0.00, event weight (Other)=0.70, source (twitter)=0.85, entity (NVDA)=1.00. [Models: Financial Lexicon Fallback | Keyword Rule Fallback]"
TWEET-0002,2026-03-01 10:05:00,twitter,$JPM exposure to commercial real estate loans could trigger credit downgrades if rates stay high,JPM,-1.0,Macroeconomic,10,0.7,"Impact Score 10/10 derived from |sentiment|=1.00, event weight (Macroeconomic)=1.15, source (twitter)=0.85, entity (JPM)=1.00. [Models: Financial Lexicon Fallback | Keyword Rule Fallback]"
NEWS-0002,2026-03-01 10:30:00,news,"NVIDIA unveils next-gen AI superchip architecture with 3x efficiency gains. NVIDIA announced its groundbreaking new Blackwell Ultra AI architecture at its annual tech summit, promising unprecedented compute power and major corporate data center adoption.",NVDA,1.0,Product Launch,8,0.875,"Impact Score 8/10 derived from |sentiment|=1.00, event weight (Product Launch)=0.85, source (news)=1.00, entity (NVDA)=1.00. [Models: Financial Lexicon Fallback | Keyword Rule Fallback]"
NEWS-0003,2026-03-01 11:45:00,news,Geopolitical tensions in Strait of Hormuz escalate; crude oil surges 8%. Naval blockades and drone activity in key shipping lanes have disrupted global oil exports. Energy analysts warn of supply chain bottlenecks and elevated freight insurance premiums.,XOM,-0.3333,Geopolitical,4,0.925,"Impact Score 4/10 derived from |sentiment|=0.33, event weight (Geopolitical)=1.25, source (news)=1.00, entity (XOM)=1.00. [Models: Financial Lexicon Fallback | Keyword Rule Fallback]"
TWEET-0003,2026-03-01 11:50:00,twitter,Oil spiking hard today! $XOM and $CVX printing cash flow right now 🛢️📈,XOM,0.0,Other,1,0.45,"Impact Score 1/10 derived from |sentiment|=0.00, event weight (Other)=0.70, source (twitter)=0.85, entity (XOM)=1.00. [Models: Financial Lexicon Fallback | Keyword Rule Fallback]"
NEWS-0004,2026-03-01 13:00:00,news,"JPMorgan Chase reports record Q1 investment banking revenue beating estimates. JPMorgan Chase & Co. delivered blowout quarterly earnings, driven by strong advisory fees and robust net interest income despite broader market volatility.",JPM,1.0,Earnings,10,0.875,"Impact Score 10/10 derived from |sentiment|=1.00, event weight (Earnings)=0.95, source (news)=1.00, entity (JPM)=1.00. [Models: Financial Lexicon Fallback | Keyword Rule Fallback]"
TWEET-0004,2026-03-01 13:10:00,twitter,Rumors of massive layoffs and restructuring at $META incoming next week,META,0.0,Credit Event,1,0.6,"Impact Score 1/10 derived from |sentiment|=0.00, event weight (Credit Event)=1.30, source (twitter)=0.85, entity (META)=1.00. [Models: Financial Lexicon Fallback | Keyword Rule Fallback]"
NEWS-0005,2026-03-01 14:20:00,news,FDA issues unexpected warning letter to Pfizer regarding manufacturing facility. The US Food and Drug Administration issued a formal regulatory compliance notice to Pfizer concerning quality control standards at its key biologics plant.,PFE,-1.0,Regulatory,10,0.825,"Impact Score 10/10 derived from |sentiment|=1.00, event weight (Regulatory)=1.15, source (news)=1.00, entity (PFE)=1.00. [Models: Financial Lexicon Fallback | Keyword Rule Fallback]"
TWEET-0005,2026-03-01 14:30:00,twitter,Huge earnings beat for $MSFT! Azure growth completely blew past analyst consensus.,MSFT,1.0,Earnings,8,0.75,"Impact Score 8/10 derived from |sentiment|=1.00, event weight (Earnings)=0.95, source (twitter)=0.85, entity (MSFT)=1.00. [Models: Financial Lexicon Fallback | Keyword Rule Fallback]"
NEWS-0006,2026-03-01 15:45:00,news,Apple acquires promising generative AI startup for $2.4 Billion. Apple Inc. finalized a multi-billion dollar acquisition to accelerate its on-device neural processing engine capabilities ahead of the upcoming iPhone launch.,AAPL,0.0,Merger/Acquisition,1,0.675,"Impact Score 1/10 derived from |sentiment|=0.00, event weight (Merger/Acquisition)=1.05, source (news)=1.00, entity (AAPL)=1.00. [Models: Financial Lexicon Fallback | Keyword Rule Fallback]"
NEWS-0007,2026-03-02 09:00:00,news,"Regional energy supplier files for Chapter 11 bankruptcy following derivative default. A major midstream energy contractor defaulted on $500 million in senior debt obligations, raising credit contagion risks for syndicate bank lenders.",CVX,-1.0,Credit Event,10,0.95,"Impact Score 10/10 derived from |sentiment|=1.00, event weight (Credit Event)=1.30, source (news)=1.00, entity (CVX)=1.00. [Models: Financial Lexicon Fallback | Keyword Rule Fallback]"
TWEET-0006,2026-03-02 09:15:00,twitter,Regulatory scrutiny on Big Tech $GOOGL ad monopoly case wrapping up soon. High fine expected.,GOOGL,-1.0,Regulatory,10,0.825,"Impact Score 10/10 derived from |sentiment|=1.00, event weight (Regulatory)=1.15, source (twitter)=0.85, entity (GOOGL)=1.00. [Models: Financial Lexicon Fallback | Keyword Rule Fallback]"
NEWS-0008,2026-03-02 10:15:00,news,"Microsoft Cloud Azure revenue accelerates 31% year-over-year. Microsoft reported strong cloud adoption across enterprise clients, boosting commercial cloud margins and forward growth guidance.",MSFT,1.0,Earnings,10,0.875,"Impact Score 10/10 derived from |sentiment|=1.00, event weight (Earnings)=0.95, source (news)=1.00, entity (MSFT)=1.00. [Models: Financial Lexicon Fallback | Keyword Rule Fallback]"
TWEET-0007,2026-03-02 10:45:00,twitter,$AAPL Vision Pro sales surging in European markets ahead of target!,AAPL,1.0,Product Launch,7,0.7,"Impact Score 7/10 derived from |sentiment|=1.00, event weight (Product Launch)=0.85, source (twitter)=0.85, entity (AAPL)=1.00. [Models: Financial Lexicon Fallback | Keyword Rule Fallback]"
NEWS-0009,2026-03-02 11:30:00,news,EU Antitrust commission launches formal inquiry into Amazon marketplace pricing practices. European Union regulatory authorities opened an investigation into alleged anti-competitive merchant fee structures on Amazon's regional ecommerce platforms.,AMZN,-1.0,Regulatory,10,0.875,"Impact Score 10/10 derived from |sentiment|=1.00, event weight (Regulatory)=1.15, source (news)=1.00, entity (AMZN)=1.00. [Models: Financial Lexicon Fallback | Keyword Rule Fallback]"
TWEET-0008,2026-03-02 12:00:00,twitter,Uncertainty in credit markets! Moody's warning on $BAC leverage metrics.,BAC,-1.0,Geopolitical,10,0.7,"Impact Score 10/10 derived from |sentiment|=1.00, event weight (Geopolitical)=1.25, source (twitter)=0.85, entity (BAC)=1.00. [Models: Financial Lexicon Fallback | Keyword Rule Fallback]"
NEWS-0010,2026-03-02 13:45:00,news,"Tesla recalls 150,000 vehicles over steering assist software glitch. Tesla Inc announced an over-the-air recall for Model Y vehicles following consumer reports of intermittent power steering resistance during cold weather.",TSLA,-1.0,Product Launch,8,0.875,"Impact Score 8/10 derived from |sentiment|=1.00, event weight (Product Launch)=0.85, source (news)=1.00, entity (TSLA)=1.00. [Models: Financial Lexicon Fallback | Keyword Rule Fallback]"
NEWS-0011,2026-03-02 15:00:00,news,"Bank of America raises quarterly dividend by 10% following stress test approval. Bank of America Corp declared an increased capital distribution strategy, highlighting strong liquidity buffers and Tier 1 capital ratios.",BAC,1.0,Earnings,10,0.775,"Impact Score 10/10 derived from |sentiment|=1.00, event weight (Earnings)=0.95, source (news)=1.00, entity (BAC)=1.00. [Models: Financial Lexicon Fallback | Keyword Rule Fallback]"
NEWS-0012,2026-03-03 09:30:00,news,"Global semiconductor supply chain disruptions threaten auto production lines. Unforeseen factory outages in Southeast Asia have tightened microcontroller supplies, impacting global automotive assembly schedules.",TSLA,-1.0,Product Launch,8,0.75,"Impact Score 8/10 derived from |sentiment|=1.00, event weight (Product Launch)=0.85, source (news)=1.00, entity (TSLA)=1.00. [Models: Financial Lexicon Fallback | Keyword Rule Fallback]"
API-1791015170678,2026-10-03 13:42:50,news,Microsoft Azure cloud revenue surged 31% beating expectations,MSFT,1.0,Earnings,10,0.75,"Impact Score 10/10 derived from |sentiment|=1.00, event weight (Earnings)=0.95, source (news)=1.00, entity (MSFT)=1.00. [Models: Financial Lexicon Fallback | Keyword Rule Fallback]"
NEWS-0001,2026-03-01 09:15:00,news,Federal Reserve signals potential rate hikes amid persistent inflation concerns. The Federal Reserve hinted at maintaining higher interest rates for longer as core inflation data remains stickier than anticipated. Markets expect tightening credit conditions across wholesale banking sectors.,JPM,-0.5,Macroeconomic,6,0.95,"Impact Score 6/10 derived from |sentiment|=0.50, event weight (Macroeconomic)=1.15, source (news)=1.00, entity (JPM)=1.00. [Models: Financial Lexicon Fallback | Keyword Rule Fallback]"
TWEET-0001,2026-03-01 09:20:00,twitter,$NVDA breaking out to new all-time highs! Datacenter demand is insane #AI #Stocks,NVDA,0.0,Other,1,0.45,"Impact Score 1/10 derived from |sentiment|=0.00, event weight (Other)=0.70, source (twitter)=0.85, entity (NVDA)=1.00. [Models: Financial Lexicon Fallback | Keyword Rule Fallback]"
TWEET-0002,2026-03-01 10:05:00,twitter,$JPM exposure to commercial real estate loans could trigger credit downgrades if rates stay high,JPM,-1.0,Macroeconomic,10,0.7,"Impact Score 10/10 derived from |sentiment|=1.00, event weight (Macroeconomic)=1.15, source (twitter)=0.85, entity (JPM)=1.00. [Models: Financial Lexicon Fallback | Keyword Rule Fallback]"
NEWS-0002,2026-03-01 10:30:00,news,"NVIDIA unveils next-gen AI superchip architecture with 3x efficiency gains. NVIDIA announced its groundbreaking new Blackwell Ultra AI architecture at its annual tech summit, promising unprecedented compute power and major corporate data center adoption.",NVDA,1.0,Product Launch,8,0.875,"Impact Score 8/10 derived from |sentiment|=1.00, event weight (Product Launch)=0.85, source (news)=1.00, entity (NVDA)=1.00. [Models: Financial Lexicon Fallback | Keyword Rule Fallback]"
NEWS-0003,2026-03-01 11:45:00,news,Geopolitical tensions in Strait of Hormuz escalate; crude oil surges 8%. Naval blockades and drone activity in key shipping lanes have disrupted global oil exports. Energy analysts warn of supply chain bottlenecks and elevated freight insurance premiums.,XOM,-0.3333,Geopolitical,4,0.925,"Impact Score 4/10 derived from |sentiment|=0.33, event weight (Geopolitical)=1.25, source (news)=1.00, entity (XOM)=1.00. [Models: Financial Lexicon Fallback | Keyword Rule Fallback]"
TWEET-0003,2026-03-01 11:50:00,twitter,Oil spiking hard today! $XOM and $CVX printing cash flow right now 🛢️📈,XOM,0.0,Other,1,0.45,"Impact Score 1/10 derived from |sentiment|=0.00, event weight (Other)=0.70, source (twitter)=0.85, entity (XOM)=1.00. [Models: Financial Lexicon Fallback | Keyword Rule Fallback]"
NEWS-0004,2026-03-01 13:00:00,news,"JPMorgan Chase reports record Q1 investment banking revenue beating estimates. JPMorgan Chase & Co. delivered blowout quarterly earnings, driven by strong advisory fees and robust net interest income despite broader market volatility.",JPM,1.0,Earnings,10,0.875,"Impact Score 10/10 derived from |sentiment|=1.00, event weight (Earnings)=0.95, source (news)=1.00, entity (JPM)=1.00. [Models: Financial Lexicon Fallback | Keyword Rule Fallback]"
TWEET-0004,2026-03-01 13:10:00,twitter,Rumors of massive layoffs and restructuring at $META incoming next week,META,0.0,Credit Event,1,0.6,"Impact Score 1/10 derived from |sentiment|=0.00, event weight (Credit Event)=1.30, source (twitter)=0.85, entity (META)=1.00. [Models: Financial Lexicon Fallback | Keyword Rule Fallback]"
NEWS-0005,2026-03-01 14:20:00,news,FDA issues unexpected warning letter to Pfizer regarding manufacturing facility. The US Food and Drug Administration issued a formal regulatory compliance notice to Pfizer concerning quality control standards at its key biologics plant.,PFE,-1.0,Regulatory,10,0.825,"Impact Score 10/10 derived from |sentiment|=1.00, event weight (Regulatory)=1.15, source (news)=1.00, entity (PFE)=1.00. [Models: Financial Lexicon Fallback | Keyword Rule Fallback]"
TWEET-0005,2026-03-01 14:30:00,twitter,Huge earnings beat for $MSFT! Azure growth completely blew past analyst consensus.,MSFT,1.0,Earnings,8,0.75,"Impact Score 8/10 derived from |sentiment|=1.00, event weight (Earnings)=0.95, source (twitter)=0.85, entity (MSFT)=1.00. [Models: Financial Lexicon Fallback | Keyword Rule Fallback]"
NEWS-0006,2026-03-01 15:45:00,news,Apple acquires promising generative AI startup for $2.4 Billion. Apple Inc. finalized a multi-billion dollar acquisition to accelerate its on-device neural processing engine capabilities ahead of the upcoming iPhone launch.,AAPL,0.0,Merger/Acquisition,1,0.675,"Impact Score 1/10 derived from |sentiment|=0.00, event weight (Merger/Acquisition)=1.05, source (news)=1.00, entity (AAPL)=1.00. [Models: Financial Lexicon Fallback | Keyword Rule Fallback]"
NEWS-0007,2026-03-02 09:00:00,news,"Regional energy supplier files for Chapter 11 bankruptcy following derivative default. A major midstream energy contractor defaulted on $500 million in senior debt obligations, raising credit contagion risks for syndicate bank lenders.",CVX,-1.0,Credit Event,10,0.95,"Impact Score 10/10 derived from |sentiment|=1.00, event weight (Credit Event)=1.30, source (news)=1.00, entity (CVX)=1.00. [Models: Financial Lexicon Fallback | Keyword Rule Fallback]"
TWEET-0006,2026-03-02 09:15:00,twitter,Regulatory scrutiny on Big Tech $GOOGL ad monopoly case wrapping up soon. High fine expected.,GOOGL,-1.0,Regulatory,10,0.825,"Impact Score 10/10 derived from |sentiment|=1.00, event weight (Regulatory)=1.15, source (twitter)=0.85, entity (GOOGL)=1.00. [Models: Financial Lexicon Fallback | Keyword Rule Fallback]"
NEWS-0008,2026-03-02 10:15:00,news,"Microsoft Cloud Azure revenue accelerates 31% year-over-year. Microsoft reported strong cloud adoption across enterprise clients, boosting commercial cloud margins and forward growth guidance.",MSFT,1.0,Earnings,10,0.875,"Impact Score 10/10 derived from |sentiment|=1.00, event weight (Earnings)=0.95, source (news)=1.00, entity (MSFT)=1.00. [Models: Financial Lexicon Fallback | Keyword Rule Fallback]"
TWEET-0007,2026-03-02 10:45:00,twitter,$AAPL Vision Pro sales surging in European markets ahead of target!,AAPL,1.0,Product Launch,7,0.7,"Impact Score 7/10 derived from |sentiment|=1.00, event weight (Product Launch)=0.85, source (twitter)=0.85, entity (AAPL)=1.00. [Models: Financial Lexicon Fallback | Keyword Rule Fallback]"
NEWS-0009,2026-03-02 11:30:00,news,EU Antitrust commission launches formal inquiry into Amazon marketplace pricing practices. European Union regulatory authorities opened an investigation into alleged anti-competitive merchant fee structures on Amazon's regional ecommerce platforms.,AMZN,-1.0,Regulatory,10,0.875,"Impact Score 10/10 derived from |sentiment|=1.00, event weight (Regulatory)=1.15, source (news)=1.00, entity (AMZN)=1.00. [Models: Financial Lexicon Fallback | Keyword Rule Fallback]"
TWEET-0008,2026-03-02 12:00:00,twitter,Uncertainty in credit markets! Moody's warning on $BAC leverage metrics.,BAC,-1.0,Geopolitical,10,0.7,"Impact Score 10/10 derived from |sentiment|=1.00, event weight (Geopolitical)=1.25, source (twitter)=0.85, entity (BAC)=1.00. [Models: Financial Lexicon Fallback | Keyword Rule Fallback]"
NEWS-0010,2026-03-02 13:45:00,news,"Tesla recalls 150,000 vehicles over steering assist software glitch. Tesla Inc announced an over-the-air recall for Model Y vehicles following consumer reports of intermittent power steering resistance during cold weather.",TSLA,-1.0,Product Launch,8,0.875,"Impact Score 8/10 derived from |sentiment|=1.00, event weight (Product Launch)=0.85, source (news)=1.00, entity (TSLA)=1.00. [Models: Financial Lexicon Fallback | Keyword Rule Fallback]"
NEWS-0011,2026-03-02 15:00:00,news,"Bank of America raises quarterly dividend by 10% following stress test approval. Bank of America Corp declared an increased capital distribution strategy, highlighting strong liquidity buffers and Tier 1 capital ratios.",BAC,1.0,Earnings,10,0.775,"Impact Score 10/10 derived from |sentiment|=1.00, event weight (Earnings)=0.95, source (news)=1.00, entity (BAC)=1.00. [Models: Financial Lexicon Fallback | Keyword Rule Fallback]"
NEWS-0012,2026-03-03 09:30:00,news,"Global semiconductor supply chain disruptions threaten auto production lines. Unforeseen factory outages in Southeast Asia have tightened microcontroller supplies, impacting global automotive assembly schedules.",TSLA,-1.0,Product Launch,8,0.75,"Impact Score 8/10 derived from |sentiment|=1.00, event weight (Product Launch)=0.85, source (news)=1.00, entity (TSLA)=1.00. [Models: Financial Lexicon Fallback | Keyword Rule Fallback]"
NEWS-0001,2026-03-01 09:15:00,news,Federal Reserve signals potential rate hikes amid persistent inflation concerns. The Federal Reserve hinted at maintaining higher interest rates for longer as core inflation data remains stickier than anticipated. Markets expect tightening credit conditions across wholesale banking sectors.,JPM,-0.5,Macroeconomic,6,0.95,"Impact Score 6/10 derived from |sentiment|=0.50, event weight (Macroeconomic)=1.15, source (news)=1.00, entity (JPM)=1.00. [Models: Financial Lexicon Fallback | Keyword Rule Fallback]"
TWEET-0001,2026-03-01 09:20:00,twitter,$NVDA breaking out to new all-time highs! Datacenter demand is insane #AI #Stocks,NVDA,0.0,Other,1,0.45,"Impact Score 1/10 derived from |sentiment|=0.00, event weight (Other)=0.70, source (twitter)=0.85, entity (NVDA)=1.00. [Models: Financial Lexicon Fallback | Keyword Rule Fallback]"
TWEET-0002,2026-03-01 10:05:00,twitter,$JPM exposure to commercial real estate loans could trigger credit downgrades if rates stay high,JPM,-1.0,Macroeconomic,10,0.7,"Impact Score 10/10 derived from |sentiment|=1.00, event weight (Macroeconomic)=1.15, source (twitter)=0.85, entity (JPM)=1.00. [Models: Financial Lexicon Fallback | Keyword Rule Fallback]"
NEWS-0002,2026-03-01 10:30:00,news,"NVIDIA unveils next-gen AI superchip architecture with 3x efficiency gains. NVIDIA announced its groundbreaking new Blackwell Ultra AI architecture at its annual tech summit, promising unprecedented compute power and major corporate data center adoption.",NVDA,1.0,Product Launch,8,0.875,"Impact Score 8/10 derived from |sentiment|=1.00, event weight (Product Launch)=0.85, source (news)=1.00, entity (NVDA)=1.00. [Models: Financial Lexicon Fallback | Keyword Rule Fallback]"
NEWS-0003,2026-03-01 11:45:00,news,Geopolitical tensions in Strait of Hormuz escalate; crude oil surges 8%. Naval blockades and drone activity in key shipping lanes have disrupted global oil exports. Energy analysts warn of supply chain bottlenecks and elevated freight insurance premiums.,XOM,-0.3333,Geopolitical,4,0.925,"Impact Score 4/10 derived from |sentiment|=0.33, event weight (Geopolitical)=1.25, source (news)=1.00, entity (XOM)=1.00. [Models: Financial Lexicon Fallback | Keyword Rule Fallback]"
TWEET-0003,2026-03-01 11:50:00,twitter,Oil spiking hard today! $XOM and $CVX printing cash flow right now 🛢️📈,XOM,0.0,Other,1,0.45,"Impact Score 1/10 derived from |sentiment|=0.00, event weight (Other)=0.70, source (twitter)=0.85, entity (XOM)=1.00. [Models: Financial Lexicon Fallback | Keyword Rule Fallback]"
NEWS-0004,2026-03-01 13:00:00,news,"JPMorgan Chase reports record Q1 investment banking revenue beating estimates. JPMorgan Chase & Co. delivered blowout quarterly earnings, driven by strong advisory fees and robust net interest income despite broader market volatility.",JPM,1.0,Earnings,10,0.875,"Impact Score 10/10 derived from |sentiment|=1.00, event weight (Earnings)=0.95, source (news)=1.00, entity (JPM)=1.00. [Models: Financial Lexicon Fallback | Keyword Rule Fallback]"
TWEET-0004,2026-03-01 13:10:00,twitter,Rumors of massive layoffs and restructuring at $META incoming next week,META,0.0,Credit Event,1,0.6,"Impact Score 1/10 derived from |sentiment|=0.00, event weight (Credit Event)=1.30, source (twitter)=0.85, entity (META)=1.00. [Models: Financial Lexicon Fallback | Keyword Rule Fallback]"
NEWS-0005,2026-03-01 14:20:00,news,FDA issues unexpected warning letter to Pfizer regarding manufacturing facility. The US Food and Drug Administration issued a formal regulatory compliance notice to Pfizer concerning quality control standards at its key biologics plant.,PFE,-1.0,Regulatory,10,0.825,"Impact Score 10/10 derived from |sentiment|=1.00, event weight (Regulatory)=1.15, source (news)=1.00, entity (PFE)=1.00. [Models: Financial Lexicon Fallback | Keyword Rule Fallback]"
TWEET-0005,2026-03-01 14:30:00,twitter,Huge earnings beat for $MSFT! Azure growth completely blew past analyst consensus.,MSFT,1.0,Earnings,8,0.75,"Impact Score 8/10 derived from |sentiment|=1.00, event weight (Earnings)=0.95, source (twitter)=0.85, entity (MSFT)=1.00. [Models: Financial Lexicon Fallback | Keyword Rule Fallback]"
NEWS-0006,2026-03-01 15:45:00,news,Apple acquires promising generative AI startup for $2.4 Billion. Apple Inc. finalized a multi-billion dollar acquisition to accelerate its on-device neural processing engine capabilities ahead of the upcoming iPhone launch.,AAPL,0.0,Merger/Acquisition,1,0.675,"Impact Score 1/10 derived from |sentiment|=0.00, event weight (Merger/Acquisition)=1.05, source (news)=1.00, entity (AAPL)=1.00. [Models: Financial Lexicon Fallback | Keyword Rule Fallback]"
NEWS-0007,2026-03-02 09:00:00,news,"Regional energy supplier files for Chapter 11 bankruptcy following derivative default. A major midstream energy contractor defaulted on $500 million in senior debt obligations, raising credit contagion risks for syndicate bank lenders.",CVX,-1.0,Credit Event,10,0.95,"Impact Score 10/10 derived from |sentiment|=1.00, event weight (Credit Event)=1.30, source (news)=1.00, entity (CVX)=1.00. [Models: Financial Lexicon Fallback | Keyword Rule Fallback]"
TWEET-0006,2026-03-02 09:15:00,twitter,Regulatory scrutiny on Big Tech $GOOGL ad monopoly case wrapping up soon. High fine expected.,GOOGL,-1.0,Regulatory,10,0.825,"Impact Score 10/10 derived from |sentiment|=1.00, event weight (Regulatory)=1.15, source (twitter)=0.85, entity (GOOGL)=1.00. [Models: Financial Lexicon Fallback | Keyword Rule Fallback]"
NEWS-0008,2026-03-02 10:15:00,news,"Microsoft Cloud Azure revenue accelerates 31% year-over-year. Microsoft reported strong cloud adoption across enterprise clients, boosting commercial cloud margins and forward growth guidance.",MSFT,1.0,Earnings,10,0.875,"Impact Score 10/10 derived from |sentiment|=1.00, event weight (Earnings)=0.95, source (news)=1.00, entity (MSFT)=1.00. [Models: Financial Lexicon Fallback | Keyword Rule Fallback]"
TWEET-0007,2026-03-02 10:45:00,twitter,$AAPL Vision Pro sales surging in European markets ahead of target!,AAPL,1.0,Product Launch,7,0.7,"Impact Score 7/10 derived from |sentiment|=1.00, event weight (Product Launch)=0.85, source (twitter)=0.85, entity (AAPL)=1.00. [Models: Financial Lexicon Fallback | Keyword Rule Fallback]"
NEWS-0009,2026-03-02 11:30:00,news,EU Antitrust commission launches formal inquiry into Amazon marketplace pricing practices. European Union regulatory authorities opened an investigation into alleged anti-competitive merchant fee structures on Amazon's regional ecommerce platforms.,AMZN,-1.0,Regulatory,10,0.875,"Impact Score 10/10 derived from |sentiment|=1.00, event weight (Regulatory)=1.15, source (news)=1.00, entity (AMZN)=1.00. [Models: Financial Lexicon Fallback | Keyword Rule Fallback]"
TWEET-0008,2026-03-02 12:00:00,twitter,Uncertainty in credit markets! Moody's warning on $BAC leverage metrics.,BAC,-1.0,Geopolitical,10,0.7,"Impact Score 10/10 derived from |sentiment|=1.00, event weight (Geopolitical)=1.25, source (twitter)=0.85, entity (BAC)=1.00. [Models: Financial Lexicon Fallback | Keyword Rule Fallback]"
NEWS-0010,2026-03-02 13:45:00,news,"Tesla recalls 150,000 vehicles over steering assist software glitch. Tesla Inc announced an over-the-air recall for Model Y vehicles following consumer reports of intermittent power steering resistance during cold weather.",TSLA,-1.0,Product Launch,8,0.875,"Impact Score 8/10 derived from |sentiment|=1.00, event weight (Product Launch)=0.85, source (news)=1.00, entity (TSLA)=1.00. [Models: Financial Lexicon Fallback | Keyword Rule Fallback]"
NEWS-0011,2026-03-02 15:00:00,news,"Bank of America raises quarterly dividend by 10% following stress test approval. Bank of America Corp declared an increased capital distribution strategy, highlighting strong liquidity buffers and Tier 1 capital ratios.",BAC,1.0,Earnings,10,0.775,"Impact Score 10/10 derived from |sentiment|=1.00, event weight (Earnings)=0.95, source (news)=1.00, entity (BAC)=1.00. [Models: Financial Lexicon Fallback | Keyword Rule Fallback]"
NEWS-0012,2026-03-03 09:30:00,news,"Global semiconductor supply chain disruptions threaten auto production lines. Unforeseen factory outages in Southeast Asia have tightened microcontroller supplies, impacting global automotive assembly schedules.",TSLA,-1.0,Product Launch,8,0.75,"Impact Score 8/10 derived from |sentiment|=1.00, event weight (Product Launch)=0.85, source (news)=1.00, entity (TSLA)=1.00. [Models: Financial Lexicon Fallback | Keyword Rule Fallback]"
NEWS-0001,2026-03-01 09:15:00,news,Federal Reserve signals potential rate hikes amid persistent inflation concerns. The Federal Reserve hinted at maintaining higher interest rates for longer as core inflation data remains stickier than anticipated. Markets expect tightening credit conditions across wholesale banking sectors.,JPM,-0.5,Macroeconomic,6,0.95,"Impact Score 6/10 derived from |sentiment|=0.50, event weight (Macroeconomic)=1.15, source (news)=1.00, entity (JPM)=1.00. [Models: Financial Lexicon Fallback | Keyword Rule Fallback]"
TWEET-0001,2026-03-01 09:20:00,twitter,$NVDA breaking out to new all-time highs! Datacenter demand is insane #AI #Stocks,NVDA,0.0,Other,1,0.45,"Impact Score 1/10 derived from |sentiment|=0.00, event weight (Other)=0.70, source (twitter)=0.85, entity (NVDA)=1.00. [Models: Financial Lexicon Fallback | Keyword Rule Fallback]"
TWEET-0002,2026-03-01 10:05:00,twitter,$JPM exposure to commercial real estate loans could trigger credit downgrades if rates stay high,JPM,-1.0,Macroeconomic,10,0.7,"Impact Score 10/10 derived from |sentiment|=1.00, event weight (Macroeconomic)=1.15, source (twitter)=0.85, entity (JPM)=1.00. [Models: Financial Lexicon Fallback | Keyword Rule Fallback]"
NEWS-0002,2026-03-01 10:30:00,news,"NVIDIA unveils next-gen AI superchip architecture with 3x efficiency gains. NVIDIA announced its groundbreaking new Blackwell Ultra AI architecture at its annual tech summit, promising unprecedented compute power and major corporate data center adoption.",NVDA,1.0,Product Launch,8,0.875,"Impact Score 8/10 derived from |sentiment|=1.00, event weight (Product Launch)=0.85, source (news)=1.00, entity (NVDA)=1.00. [Models: Financial Lexicon Fallback | Keyword Rule Fallback]"
NEWS-0003,2026-03-01 11:45:00,news,Geopolitical tensions in Strait of Hormuz escalate; crude oil surges 8%. Naval blockades and drone activity in key shipping lanes have disrupted global oil exports. Energy analysts warn of supply chain bottlenecks and elevated freight insurance premiums.,XOM,-0.3333,Geopolitical,4,0.925,"Impact Score 4/10 derived from |sentiment|=0.33, event weight (Geopolitical)=1.25, source (news)=1.00, entity (XOM)=1.00. [Models: Financial Lexicon Fallback | Keyword Rule Fallback]"
TWEET-0003,2026-03-01 11:50:00,twitter,Oil spiking hard today! $XOM and $CVX printing cash flow right now 🛢️📈,XOM,0.0,Other,1,0.45,"Impact Score 1/10 derived from |sentiment|=0.00, event weight (Other)=0.70, source (twitter)=0.85, entity (XOM)=1.00. [Models: Financial Lexicon Fallback | Keyword Rule Fallback]"
NEWS-0004,2026-03-01 13:00:00,news,"JPMorgan Chase reports record Q1 investment banking revenue beating estimates. JPMorgan Chase & Co. delivered blowout quarterly earnings, driven by strong advisory fees and robust net interest income despite broader market volatility.",JPM,1.0,Earnings,10,0.875,"Impact Score 10/10 derived from |sentiment|=1.00, event weight (Earnings)=0.95, source (news)=1.00, entity (JPM)=1.00. [Models: Financial Lexicon Fallback | Keyword Rule Fallback]"
TWEET-0004,2026-03-01 13:10:00,twitter,Rumors of massive layoffs and restructuring at $META incoming next week,META,0.0,Credit Event,1,0.6,"Impact Score 1/10 derived from |sentiment|=0.00, event weight (Credit Event)=1.30, source (twitter)=0.85, entity (META)=1.00. [Models: Financial Lexicon Fallback | Keyword Rule Fallback]"
NEWS-0005,2026-03-01 14:20:00,news,FDA issues unexpected warning letter to Pfizer regarding manufacturing facility. The US Food and Drug Administration issued a formal regulatory compliance notice to Pfizer concerning quality control standards at its key biologics plant.,PFE,-1.0,Regulatory,10,0.825,"Impact Score 10/10 derived from |sentiment|=1.00, event weight (Regulatory)=1.15, source (news)=1.00, entity (PFE)=1.00. [Models: Financial Lexicon Fallback | Keyword Rule Fallback]"
TWEET-0005,2026-03-01 14:30:00,twitter,Huge earnings beat for $MSFT! Azure growth completely blew past analyst consensus.,MSFT,1.0,Earnings,8,0.75,"Impact Score 8/10 derived from |sentiment|=1.00, event weight (Earnings)=0.95, source (twitter)=0.85, entity (MSFT)=1.00. [Models: Financial Lexicon Fallback | Keyword Rule Fallback]"
NEWS-0006,2026-03-01 15:45:00,news,Apple acquires promising generative AI startup for $2.4 Billion. Apple Inc. finalized a multi-billion dollar acquisition to accelerate its on-device neural processing engine capabilities ahead of the upcoming iPhone launch.,AAPL,0.0,Merger/Acquisition,1,0.675,"Impact Score 1/10 derived from |sentiment|=0.00, event weight (Merger/Acquisition)=1.05, source (news)=1.00, entity (AAPL)=1.00. [Models: Financial Lexicon Fallback | Keyword Rule Fallback]"
NEWS-0007,2026-03-02 09:00:00,news,"Regional energy supplier files for Chapter 11 bankruptcy following derivative default. A major midstream energy contractor defaulted on $500 million in senior debt obligations, raising credit contagion risks for syndicate bank lenders.",CVX,-1.0,Credit Event,10,0.95,"Impact Score 10/10 derived from |sentiment|=1.00, event weight (Credit Event)=1.30, source (news)=1.00, entity (CVX)=1.00. [Models: Financial Lexicon Fallback | Keyword Rule Fallback]"
TWEET-0006,2026-03-02 09:15:00,twitter,Regulatory scrutiny on Big Tech $GOOGL ad monopoly case wrapping up soon. High fine expected.,GOOGL,-1.0,Regulatory,10,0.825,"Impact Score 10/10 derived from |sentiment|=1.00, event weight (Regulatory)=1.15, source (twitter)=0.85, entity (GOOGL)=1.00. [Models: Financial Lexicon Fallback | Keyword Rule Fallback]"
NEWS-0008,2026-03-02 10:15:00,news,"Microsoft Cloud Azure revenue accelerates 31% year-over-year. Microsoft reported strong cloud adoption across enterprise clients, boosting commercial cloud margins and forward growth guidance.",MSFT,1.0,Earnings,10,0.875,"Impact Score 10/10 derived from |sentiment|=1.00, event weight (Earnings)=0.95, source (news)=1.00, entity (MSFT)=1.00. [Models: Financial Lexicon Fallback | Keyword Rule Fallback]"
TWEET-0007,2026-03-02 10:45:00,twitter,$AAPL Vision Pro sales surging in European markets ahead of target!,AAPL,1.0,Product Launch,7,0.7,"Impact Score 7/10 derived from |sentiment|=1.00, event weight (Product Launch)=0.85, source (twitter)=0.85, entity (AAPL)=1.00. [Models: Financial Lexicon Fallback | Keyword Rule Fallback]"
NEWS-0009,2026-03-02 11:30:00,news,EU Antitrust commission launches formal inquiry into Amazon marketplace pricing practices. European Union regulatory authorities opened an investigation into alleged anti-competitive merchant fee structures on Amazon's regional ecommerce platforms.,AMZN,-1.0,Regulatory,10,0.875,"Impact Score 10/10 derived from |sentiment|=1.00, event weight (Regulatory)=1.15, source (news)=1.00, entity (AMZN)=1.00. [Models: Financial Lexicon Fallback | Keyword Rule Fallback]"
TWEET-0008,2026-03-02 12:00:00,twitter,Uncertainty in credit markets! Moody's warning on $BAC leverage metrics.,BAC,-1.0,Geopolitical,10,0.7,"Impact Score 10/10 derived from |sentiment|=1.00, event weight (Geopolitical)=1.25, source (twitter)=0.85, entity (BAC)=1.00. [Models: Financial Lexicon Fallback | Keyword Rule Fallback]"
NEWS-0010,2026-03-02 13:45:00,news,"Tesla recalls 150,000 vehicles over steering assist software glitch. Tesla Inc announced an over-the-air recall for Model Y vehicles following consumer reports of intermittent power steering resistance during cold weather.",TSLA,-1.0,Product Launch,8,0.875,"Impact Score 8/10 derived from |sentiment|=1.00, event weight (Product Launch)=0.85, source (news)=1.00, entity (TSLA)=1.00. [Models: Financial Lexicon Fallback | Keyword Rule Fallback]"
NEWS-0011,2026-03-02 15:00:00,news,"Bank of America raises quarterly dividend by 10% following stress test approval. Bank of America Corp declared an increased capital distribution strategy, highlighting strong liquidity buffers and Tier 1 capital ratios.",BAC,1.0,Earnings,10,0.775,"Impact Score 10/10 derived from |sentiment|=1.00, event weight (Earnings)=0.95, source (news)=1.00, entity (BAC)=1.00. [Models: Financial Lexicon Fallback | Keyword Rule Fallback]"
NEWS-0012,2026-03-03 09:30:00,news,"Global semiconductor supply chain disruptions threaten auto production lines. Unforeseen factory outages in Southeast Asia have tightened microcontroller supplies, impacting global automotive assembly schedules.",TSLA,-1.0,Product Launch,8,0.75,"Impact Score 8/10 derived from |sentiment|=1.00, event weight (Product Launch)=0.85, source (news)=1.00, entity (TSLA)=1.00. [Models: Financial Lexicon Fallback | Keyword Rule Fallback]"
NEWS-0001,2026-03-01 09:15:00,news,Federal Reserve signals potential rate hikes amid persistent inflation concerns. The Federal Reserve hinted at maintaining higher interest rates for longer as core inflation data remains stickier than anticipated. Markets expect tightening credit conditions across wholesale banking sectors.,JPM,-0.5,Macroeconomic,6,0.95,"Impact Score 6/10 derived from |sentiment|=0.50, event weight (Macroeconomic)=1.15, source (news)=1.00, entity (JPM)=1.00. [Models: Financial Lexicon Fallback | Keyword Rule Fallback]"
TWEET-0001,2026-03-01 09:20:00,twitter,$NVDA breaking out to new all-time highs! Datacenter demand is insane #AI #Stocks,NVDA,0.0,Other,1,0.45,"Impact Score 1/10 derived from |sentiment|=0.00, event weight (Other)=0.70, source (twitter)=0.85, entity (NVDA)=1.00. [Models: Financial Lexicon Fallback | Keyword Rule Fallback]"
TWEET-0002,2026-03-01 10:05:00,twitter,$JPM exposure to commercial real estate loans could trigger credit downgrades if rates stay high,JPM,-1.0,Macroeconomic,10,0.7,"Impact Score 10/10 derived from |sentiment|=1.00, event weight (Macroeconomic)=1.15, source (twitter)=0.85, entity (JPM)=1.00. [Models: Financial Lexicon Fallback | Keyword Rule Fallback]"
NEWS-0002,2026-03-01 10:30:00,news,"NVIDIA unveils next-gen AI superchip architecture with 3x efficiency gains. NVIDIA announced its groundbreaking new Blackwell Ultra AI architecture at its annual tech summit, promising unprecedented compute power and major corporate data center adoption.",NVDA,1.0,Product Launch,8,0.875,"Impact Score 8/10 derived from |sentiment|=1.00, event weight (Product Launch)=0.85, source (news)=1.00, entity (NVDA)=1.00. [Models: Financial Lexicon Fallback | Keyword Rule Fallback]"
NEWS-0003,2026-03-01 11:45:00,news,Geopolitical tensions in Strait of Hormuz escalate; crude oil surges 8%. Naval blockades and drone activity in key shipping lanes have disrupted global oil exports. Energy analysts warn of supply chain bottlenecks and elevated freight insurance premiums.,XOM,-0.3333,Geopolitical,4,0.925,"Impact Score 4/10 derived from |sentiment|=0.33, event weight (Geopolitical)=1.25, source (news)=1.00, entity (XOM)=1.00. [Models: Financial Lexicon Fallback | Keyword Rule Fallback]"
TWEET-0003,2026-03-01 11:50:00,twitter,Oil spiking hard today! $XOM and $CVX printing cash flow right now 🛢️📈,XOM,0.0,Other,1,0.45,"Impact Score 1/10 derived from |sentiment|=0.00, event weight (Other)=0.70, source (twitter)=0.85, entity (XOM)=1.00. [Models: Financial Lexicon Fallback | Keyword Rule Fallback]"
NEWS-0004,2026-03-01 13:00:00,news,"JPMorgan Chase reports record Q1 investment banking revenue beating estimates. JPMorgan Chase & Co. delivered blowout quarterly earnings, driven by strong advisory fees and robust net interest income despite broader market volatility.",JPM,1.0,Earnings,10,0.875,"Impact Score 10/10 derived from |sentiment|=1.00, event weight (Earnings)=0.95, source (news)=1.00, entity (JPM)=1.00. [Models: Financial Lexicon Fallback | Keyword Rule Fallback]"
TWEET-0004,2026-03-01 13:10:00,twitter,Rumors of massive layoffs and restructuring at $META incoming next week,META,0.0,Credit Event,1,0.6,"Impact Score 1/10 derived from |sentiment|=0.00, event weight (Credit Event)=1.30, source (twitter)=0.85, entity (META)=1.00. [Models: Financial Lexicon Fallback | Keyword Rule Fallback]"
NEWS-0005,2026-03-01 14:20:00,news,FDA issues unexpected warning letter to Pfizer regarding manufacturing facility. The US Food and Drug Administration issued a formal regulatory compliance notice to Pfizer concerning quality control standards at its key biologics plant.,PFE,-1.0,Regulatory,10,0.825,"Impact Score 10/10 derived from |sentiment|=1.00, event weight (Regulatory)=1.15, source (news)=1.00, entity (PFE)=1.00. [Models: Financial Lexicon Fallback | Keyword Rule Fallback]"
TWEET-0005,2026-03-01 14:30:00,twitter,Huge earnings beat for $MSFT! Azure growth completely blew past analyst consensus.,MSFT,1.0,Earnings,8,0.75,"Impact Score 8/10 derived from |sentiment|=1.00, event weight (Earnings)=0.95, source (twitter)=0.85, entity (MSFT)=1.00. [Models: Financial Lexicon Fallback | Keyword Rule Fallback]"
NEWS-0006,2026-03-01 15:45:00,news,Apple acquires promising generative AI startup for $2.4 Billion. Apple Inc. finalized a multi-billion dollar acquisition to accelerate its on-device neural processing engine capabilities ahead of the upcoming iPhone launch.,AAPL,0.0,Merger/Acquisition,1,0.675,"Impact Score 1/10 derived from |sentiment|=0.00, event weight (Merger/Acquisition)=1.05, source (news)=1.00, entity (AAPL)=1.00. [Models: Financial Lexicon Fallback | Keyword Rule Fallback]"
NEWS-0007,2026-03-02 09:00:00,news,"Regional energy supplier files for Chapter 11 bankruptcy following derivative default. A major midstream energy contractor defaulted on $500 million in senior debt obligations, raising credit contagion risks for syndicate bank lenders.",CVX,-1.0,Credit Event,10,0.95,"Impact Score 10/10 derived from |sentiment|=1.00, event weight (Credit Event)=1.30, source (news)=1.00, entity (CVX)=1.00. [Models: Financial Lexicon Fallback | Keyword Rule Fallback]"
TWEET-0006,2026-03-02 09:15:00,twitter,Regulatory scrutiny on Big Tech $GOOGL ad monopoly case wrapping up soon. High fine expected.,GOOGL,-1.0,Regulatory,10,0.825,"Impact Score 10/10 derived from |sentiment|=1.00, event weight (Regulatory)=1.15, source (twitter)=0.85, entity (GOOGL)=1.00. [Models: Financial Lexicon Fallback | Keyword Rule Fallback]"
NEWS-0008,2026-03-02 10:15:00,news,"Microsoft Cloud Azure revenue accelerates 31% year-over-year. Microsoft reported strong cloud adoption across enterprise clients, boosting commercial cloud margins and forward growth guidance.",MSFT,1.0,Earnings,10,0.875,"Impact Score 10/10 derived from |sentiment|=1.00, event weight (Earnings)=0.95, source (news)=1.00, entity (MSFT)=1.00. [Models: Financial Lexicon Fallback | Keyword Rule Fallback]"
TWEET-0007,2026-03-02 10:45:00,twitter,$AAPL Vision Pro sales surging in European markets ahead of target!,AAPL,1.0,Product Launch,7,0.7,"Impact Score 7/10 derived from |sentiment|=1.00, event weight (Product Launch)=0.85, source (twitter)=0.85, entity (AAPL)=1.00. [Models: Financial Lexicon Fallback | Keyword Rule Fallback]"
NEWS-0009,2026-03-02 11:30:00,news,EU Antitrust commission launches formal inquiry into Amazon marketplace pricing practices. European Union regulatory authorities opened an investigation into alleged anti-competitive merchant fee structures on Amazon's regional ecommerce platforms.,AMZN,-1.0,Regulatory,10,0.875,"Impact Score 10/10 derived from |sentiment|=1.00, event weight (Regulatory)=1.15, source (news)=1.00, entity (AMZN)=1.00. [Models: Financial Lexicon Fallback | Keyword Rule Fallback]"
TWEET-0008,2026-03-02 12:00:00,twitter,Uncertainty in credit markets! Moody's warning on $BAC leverage metrics.,BAC,-1.0,Geopolitical,10,0.7,"Impact Score 10/10 derived from |sentiment|=1.00, event weight (Geopolitical)=1.25, source (twitter)=0.85, entity (BAC)=1.00. [Models: Financial Lexicon Fallback | Keyword Rule Fallback]"
NEWS-0010,2026-03-02 13:45:00,news,"Tesla recalls 150,000 vehicles over steering assist software glitch. Tesla Inc announced an over-the-air recall for Model Y vehicles following consumer reports of intermittent power steering resistance during cold weather.",TSLA,-1.0,Product Launch,8,0.875,"Impact Score 8/10 derived from |sentiment|=1.00, event weight (Product Launch)=0.85, source (news)=1.00, entity (TSLA)=1.00. [Models: Financial Lexicon Fallback | Keyword Rule Fallback]"
NEWS-0011,2026-03-02 15:00:00,news,"Bank of America raises quarterly dividend by 10% following stress test approval. Bank of America Corp declared an increased capital distribution strategy, highlighting strong liquidity buffers and Tier 1 capital ratios.",BAC,1.0,Earnings,10,0.775,"Impact Score 10/10 derived from |sentiment|=1.00, event weight (Earnings)=0.95, source (news)=1.00, entity (BAC)=1.00. [Models: Financial Lexicon Fallback | Keyword Rule Fallback]"
NEWS-0012,2026-03-03 09:30:00,news,"Global semiconductor supply chain disruptions threaten auto production lines. Unforeseen factory outages in Southeast Asia have tightened microcontroller supplies, impacting global automotive assembly schedules.",TSLA,-1.0,Product Launch,8,0.75,"Impact Score 8/10 derived from |sentiment|=1.00, event weight (Product Launch)=0.85, source (news)=1.00, entity (TSLA)=1.00. [Models: Financial Lexicon Fallback | Keyword Rule Fallback]"
API-1791021818509,2026-10-03 15:33:38,news,Microsoft Azure cloud revenue surged 31% beating expectations,MSFT,0.8337,Earnings,8,0.75,"Impact Score 8/10 derived from |sentiment|=0.83, event weight (Earnings)=0.95, source (news)=1.00, entity (MSFT)=1.00. [Models: Financial Lexicon Fallback | Keyword Rule Fallback]"
NEWS-0001,2026-03-01 09:15:00,news,Federal Reserve signals potential rate hikes amid persistent inflation concerns. The Federal Reserve hinted at maintaining higher interest rates for longer as core inflation data remains stickier than anticipated. Markets expect tightening credit conditions across wholesale banking sectors.,JPM,-0.8337,Macroeconomic,10,0.95,"Impact Score 10/10 derived from |sentiment|=0.83, event weight (Macroeconomic)=1.15, source (news)=1.00, entity (JPM)=1.00. [Models: Financial Lexicon Fallback | Keyword Rule Fallback]"
TWEET-0001,2026-03-01 09:20:00,twitter,$NVDA breaking out to new all-time highs! Datacenter demand is insane #AI #Stocks,NVDA,0.0,Other,1,0.45,"Impact Score 1/10 derived from |sentiment|=0.00, event weight (Other)=0.70, source (twitter)=0.85, entity (NVDA)=1.00. [Models: Financial Lexicon Fallback | Keyword Rule Fallback]"
TWEET-0002,2026-03-01 10:05:00,twitter,$JPM exposure to commercial real estate loans could trigger credit downgrades if rates stay high,JPM,-0.537,Macroeconomic,5,0.7,"Impact Score 5/10 derived from |sentiment|=0.54, event weight (Macroeconomic)=1.15, source (twitter)=0.85, entity (JPM)=1.00. [Models: Financial Lexicon Fallback | Keyword Rule Fallback]"
NEWS-0002,2026-03-01 10:30:00,news,"NVIDIA unveils next-gen AI superchip architecture with 3x efficiency gains. NVIDIA announced its groundbreaking new Blackwell Ultra AI architecture at its annual tech summit, promising unprecedented compute power and major corporate data center adoption.",NVDA,0.8337,Product Launch,7,0.875,"Impact Score 7/10 derived from |sentiment|=0.83, event weight (Product Launch)=0.85, source (news)=1.00, entity (NVDA)=1.00. [Models: Financial Lexicon Fallback | Keyword Rule Fallback]"
NEWS-0003,2026-03-01 11:45:00,news,Geopolitical tensions in Strait of Hormuz escalate; crude oil surges 8%. Naval blockades and drone activity in key shipping lanes have disrupted global oil exports. Energy analysts warn of supply chain bottlenecks and elevated freight insurance premiums.,XOM,-0.537,Geopolitical,7,0.925,"Impact Score 7/10 derived from |sentiment|=0.54, event weight (Geopolitical)=1.25, source (news)=1.00, entity (XOM)=1.00. [Models: Financial Lexicon Fallback | Keyword Rule Fallback]"
TWEET-0003,2026-03-01 11:50:00,twitter,Oil spiking hard today! $XOM and $CVX printing cash flow right now 🛢️📈,XOM,0.0,Other,1,0.45,"Impact Score 1/10 derived from |sentiment|=0.00, event weight (Other)=0.70, source (twitter)=0.85, entity (XOM)=1.00. [Models: Financial Lexicon Fallback | Keyword Rule Fallback]"
NEWS-0004,2026-03-01 13:00:00,news,"JPMorgan Chase reports record Q1 investment banking revenue beating estimates. JPMorgan Chase & Co. delivered blowout quarterly earnings, driven by strong advisory fees and robust net interest income despite broader market volatility.",JPM,0.8337,Earnings,8,0.875,"Impact Score 8/10 derived from |sentiment|=0.83, event weight (Earnings)=0.95, source (news)=1.00, entity (JPM)=1.00. [Models: Financial Lexicon Fallback | Keyword Rule Fallback]"
TWEET-0004,2026-03-01 13:10:00,twitter,Rumors of massive layoffs and restructuring at $META incoming next week,META,0.0,Credit Event,1,0.6,"Impact Score 1/10 derived from |sentiment|=0.00, event weight (Credit Event)=1.30, source (twitter)=0.85, entity (META)=1.00. [Models: Financial Lexicon Fallback | Keyword Rule Fallback]"
NEWS-0005,2026-03-01 14:20:00,news,FDA issues unexpected warning letter to Pfizer regarding manufacturing facility. The US Food and Drug Administration issued a formal regulatory compliance notice to Pfizer concerning quality control standards at its key biologics plant.,PFE,-0.537,Regulatory,6,0.825,"Impact Score 6/10 derived from |sentiment|=0.54, event weight (Regulatory)=1.15, source (news)=1.00, entity (PFE)=1.00. [Models: Financial Lexicon Fallback | Keyword Rule Fallback]"
TWEET-0005,2026-03-01 14:30:00,twitter,Huge earnings beat for $MSFT! Azure growth completely blew past analyst consensus.,MSFT,0.8337,Earnings,7,0.75,"Impact Score 7/10 derived from |sentiment|=0.83, event weight (Earnings)=0.95, source (twitter)=0.85, entity (MSFT)=1.00. [Models: Financial Lexicon Fallback | Keyword Rule Fallback]"
NEWS-0006,2026-03-01 15:45:00,news,Apple acquires promising generative AI startup for $2.4 Billion. Apple Inc. finalized a multi-billion dollar acquisition to accelerate its on-device neural processing engine capabilities ahead of the upcoming iPhone launch.,AAPL,0.0,Merger/Acquisition,1,0.675,"Impact Score 1/10 derived from |sentiment|=0.00, event weight (Merger/Acquisition)=1.05, source (news)=1.00, entity (AAPL)=1.00. [Models: Financial Lexicon Fallback | Keyword Rule Fallback]"
NEWS-0007,2026-03-02 09:00:00,news,"Regional energy supplier files for Chapter 11 bankruptcy following derivative default. A major midstream energy contractor defaulted on $500 million in senior debt obligations, raising credit contagion risks for syndicate bank lenders.",CVX,-0.9837,Credit Event,10,0.95,"Impact Score 10/10 derived from |sentiment|=0.98, event weight (Credit Event)=1.30, source (news)=1.00, entity (CVX)=1.00. [Models: Financial Lexicon Fallback | Keyword Rule Fallback]"
TWEET-0006,2026-03-02 09:15:00,twitter,Regulatory scrutiny on Big Tech $GOOGL ad monopoly case wrapping up soon. High fine expected.,GOOGL,-0.8337,Regulatory,8,0.825,"Impact Score 8/10 derived from |sentiment|=0.83, event weight (Regulatory)=1.15, source (twitter)=0.85, entity (GOOGL)=1.00. [Models: Financial Lexicon Fallback | Keyword Rule Fallback]"
NEWS-0008,2026-03-02 10:15:00,news,"Microsoft Cloud Azure revenue accelerates 31% year-over-year. Microsoft reported strong cloud adoption across enterprise clients, boosting commercial cloud margins and forward growth guidance.",MSFT,0.9468,Earnings,9,0.875,"Impact Score 9/10 derived from |sentiment|=0.95, event weight (Earnings)=0.95, source (news)=1.00, entity (MSFT)=1.00. [Models: Financial Lexicon Fallback | Keyword Rule Fallback]"
TWEET-0007,2026-03-02 10:45:00,twitter,$AAPL Vision Pro sales surging in European markets ahead of target!,AAPL,0.537,Product Launch,4,0.7,"Impact Score 4/10 derived from |sentiment|=0.54, event weight (Product Launch)=0.85, source (twitter)=0.85, entity (AAPL)=1.00. [Models: Financial Lexicon Fallback | Keyword Rule Fallback]"
NEWS-0009,2026-03-02 11:30:00,news,EU Antitrust commission launches formal inquiry into Amazon marketplace pricing practices. European Union regulatory authorities opened an investigation into alleged anti-competitive merchant fee structures on Amazon's regional ecommerce platforms.,AMZN,-0.8337,Regulatory,10,0.875,"Impact Score 10/10 derived from |sentiment|=0.83, event weight (Regulatory)=1.15, source (news)=1.00, entity (AMZN)=1.00. [Models: Financial Lexicon Fallback | Keyword Rule Fallback]"
TWEET-0008,2026-03-02 12:00:00,twitter,Uncertainty in credit markets! Moody's warning on $BAC leverage metrics.,BAC,-0.537,Geopolitical,6,0.7,"Impact Score 6/10 derived from |sentiment|=0.54, event weight (Geopolitical)=1.25, source (twitter)=0.85, entity (BAC)=1.00. [Models: Financial Lexicon Fallback | Keyword Rule Fallback]"
NEWS-0010,2026-03-02 13:45:00,news,"Tesla recalls 150,000 vehicles over steering assist software glitch. Tesla Inc announced an over-the-air recall for Model Y vehicles following consumer reports of intermittent power steering resistance during cold weather.",TSLA,-0.9468,Product Launch,8,0.875,"Impact Score 8/10 derived from |sentiment|=0.95, event weight (Product Launch)=0.85, source (news)=1.00, entity (TSLA)=1.00. [Models: Financial Lexicon Fallback | Keyword Rule Fallback]"
NEWS-0011,2026-03-02 15:00:00,news,"Bank of America raises quarterly dividend by 10% following stress test approval. Bank of America Corp declared an increased capital distribution strategy, highlighting strong liquidity buffers and Tier 1 capital ratios.",BAC,0.537,Earnings,5,0.775,"Impact Score 5/10 derived from |sentiment|=0.54, event weight (Earnings)=0.95, source (news)=1.00, entity (BAC)=1.00. [Models: Financial Lexicon Fallback | Keyword Rule Fallback]"
NEWS-0012,2026-03-03 09:30:00,news,"Global semiconductor supply chain disruptions threaten auto production lines. Unforeseen factory outages in Southeast Asia have tightened microcontroller supplies, impacting global automotive assembly schedules.",TSLA,-0.8337,Product Launch,7,0.75,"Impact Score 7/10 derived from |sentiment|=0.83, event weight (Product Launch)=0.85, source (news)=1.00, entity (TSLA)=1.00. [Models: Financial Lexicon Fallback | Keyword Rule Fallback]"
NEWS-0001,2026-03-01 09:15:00,news,Federal Reserve signals potential rate hikes amid persistent inflation concerns. The Federal Reserve hinted at maintaining higher interest rates for longer as core inflation data remains stickier than anticipated. Markets expect tightening credit conditions across wholesale banking sectors.,JPM,-0.5,Macroeconomic,6,0.95,"Impact Score 6/10 derived from |sentiment|=0.50, event weight (Macroeconomic)=1.15, source (news)=1.00, entity (JPM)=1.00. [Models: Financial Lexicon Fallback | Keyword Rule Fallback]"
TWEET-0001,2026-03-01 09:20:00,twitter,$NVDA breaking out to new all-time highs! Datacenter demand is insane #AI #Stocks,NVDA,0.0,Other,1,0.45,"Impact Score 1/10 derived from |sentiment|=0.00, event weight (Other)=0.70, source (twitter)=0.85, entity (NVDA)=1.00. [Models: Financial Lexicon Fallback | Keyword Rule Fallback]"
TWEET-0002,2026-03-01 10:05:00,twitter,$JPM exposure to commercial real estate loans could trigger credit downgrades if rates stay high,JPM,-1.0,Macroeconomic,10,0.7,"Impact Score 10/10 derived from |sentiment|=1.00, event weight (Macroeconomic)=1.15, source (twitter)=0.85, entity (JPM)=1.00. [Models: Financial Lexicon Fallback | Keyword Rule Fallback]"
NEWS-0002,2026-03-01 10:30:00,news,"NVIDIA unveils next-gen AI superchip architecture with 3x efficiency gains. NVIDIA announced its groundbreaking new Blackwell Ultra AI architecture at its annual tech summit, promising unprecedented compute power and major corporate data center adoption.",NVDA,1.0,Product Launch,8,0.875,"Impact Score 8/10 derived from |sentiment|=1.00, event weight (Product Launch)=0.85, source (news)=1.00, entity (NVDA)=1.00. [Models: Financial Lexicon Fallback | Keyword Rule Fallback]"
NEWS-0003,2026-03-01 11:45:00,news,Geopolitical tensions in Strait of Hormuz escalate; crude oil surges 8%. Naval blockades and drone activity in key shipping lanes have disrupted global oil exports. Energy analysts warn of supply chain bottlenecks and elevated freight insurance premiums.,XOM,-0.3333,Geopolitical,4,0.925,"Impact Score 4/10 derived from |sentiment|=0.33, event weight (Geopolitical)=1.25, source (news)=1.00, entity (XOM)=1.00. [Models: Financial Lexicon Fallback | Keyword Rule Fallback]"
TWEET-0003,2026-03-01 11:50:00,twitter,Oil spiking hard today! $XOM and $CVX printing cash flow right now 🛢️📈,XOM,0.0,Other,1,0.45,"Impact Score 1/10 derived from |sentiment|=0.00, event weight (Other)=0.70, source (twitter)=0.85, entity (XOM)=1.00. [Models: Financial Lexicon Fallback | Keyword Rule Fallback]"
NEWS-0004,2026-03-01 13:00:00,news,"JPMorgan Chase reports record Q1 investment banking revenue beating estimates. JPMorgan Chase & Co. delivered blowout quarterly earnings, driven by strong advisory fees and robust net interest income despite broader market volatility.",JPM,1.0,Earnings,10,0.875,"Impact Score 10/10 derived from |sentiment|=1.00, event weight (Earnings)=0.95, source (news)=1.00, entity (JPM)=1.00. [Models: Financial Lexicon Fallback | Keyword Rule Fallback]"
TWEET-0004,2026-03-01 13:10:00,twitter,Rumors of massive layoffs and restructuring at $META incoming next week,META,0.0,Credit Event,1,0.6,"Impact Score 1/10 derived from |sentiment|=0.00, event weight (Credit Event)=1.30, source (twitter)=0.85, entity (META)=1.00. [Models: Financial Lexicon Fallback | Keyword Rule Fallback]"
NEWS-0005,2026-03-01 14:20:00,news,FDA issues unexpected warning letter to Pfizer regarding manufacturing facility. The US Food and Drug Administration issued a formal regulatory compliance notice to Pfizer concerning quality control standards at its key biologics plant.,PFE,-1.0,Regulatory,10,0.825,"Impact Score 10/10 derived from |sentiment|=1.00, event weight (Regulatory)=1.15, source (news)=1.00, entity (PFE)=1.00. [Models: Financial Lexicon Fallback | Keyword Rule Fallback]"
TWEET-0005,2026-03-01 14:30:00,twitter,Huge earnings beat for $MSFT! Azure growth completely blew past analyst consensus.,MSFT,1.0,Earnings,8,0.75,"Impact Score 8/10 derived from |sentiment|=1.00, event weight (Earnings)=0.95, source (twitter)=0.85, entity (MSFT)=1.00. [Models: Financial Lexicon Fallback | Keyword Rule Fallback]"
NEWS-0006,2026-03-01 15:45:00,news,Apple acquires promising generative AI startup for $2.4 Billion. Apple Inc. finalized a multi-billion dollar acquisition to accelerate its on-device neural processing engine capabilities ahead of the upcoming iPhone launch.,AAPL,0.0,Merger/Acquisition,1,0.675,"Impact Score 1/10 derived from |sentiment|=0.00, event weight (Merger/Acquisition)=1.05, source (news)=1.00, entity (AAPL)=1.00. [Models: Financial Lexicon Fallback | Keyword Rule Fallback]"
NEWS-0007,2026-03-02 09:00:00,news,"Regional energy supplier files for Chapter 11 bankruptcy following derivative default. A major midstream energy contractor defaulted on $500 million in senior debt obligations, raising credit contagion risks for syndicate bank lenders.",CVX,-1.0,Credit Event,10,0.95,"Impact Score 10/10 derived from |sentiment|=1.00, event weight (Credit Event)=1.30, source (news)=1.00, entity (CVX)=1.00. [Models: Financial Lexicon Fallback | Keyword Rule Fallback]"
TWEET-0006,2026-03-02 09:15:00,twitter,Regulatory scrutiny on Big Tech $GOOGL ad monopoly case wrapping up soon. High fine expected.,GOOGL,-1.0,Regulatory,10,0.825,"Impact Score 10/10 derived from |sentiment|=1.00, event weight (Regulatory)=1.15, source (twitter)=0.85, entity (GOOGL)=1.00. [Models: Financial Lexicon Fallback | Keyword Rule Fallback]"
NEWS-0008,2026-03-02 10:15:00,news,"Microsoft Cloud Azure revenue accelerates 31% year-over-year. Microsoft reported strong cloud adoption across enterprise clients, boosting commercial cloud margins and forward growth guidance.",MSFT,1.0,Earnings,10,0.875,"Impact Score 10/10 derived from |sentiment|=1.00, event weight (Earnings)=0.95, source (news)=1.00, entity (MSFT)=1.00. [Models: Financial Lexicon Fallback | Keyword Rule Fallback]"
TWEET-0007,2026-03-02 10:45:00,twitter,$AAPL Vision Pro sales surging in European markets ahead of target!,AAPL,1.0,Product Launch,7,0.7,"Impact Score 7/10 derived from |sentiment|=1.00, event weight (Product Launch)=0.85, source (twitter)=0.85, entity (AAPL)=1.00. [Models: Financial Lexicon Fallback | Keyword Rule Fallback]"
NEWS-0009,2026-03-02 11:30:00,news,EU Antitrust commission launches formal inquiry into Amazon marketplace pricing practices. European Union regulatory authorities opened an investigation into alleged anti-competitive merchant fee structures on Amazon's regional ecommerce platforms.,AMZN,-1.0,Regulatory,10,0.875,"Impact Score 10/10 derived from |sentiment|=1.00, event weight (Regulatory)=1.15, source (news)=1.00, entity (AMZN)=1.00. [Models: Financial Lexicon Fallback | Keyword Rule Fallback]"
TWEET-0008,2026-03-02 12:00:00,twitter,Uncertainty in credit markets! Moody's warning on $BAC leverage metrics.,BAC,-1.0,Geopolitical,10,0.7,"Impact Score 10/10 derived from |sentiment|=1.00, event weight (Geopolitical)=1.25, source (twitter)=0.85, entity (BAC)=1.00. [Models: Financial Lexicon Fallback | Keyword Rule Fallback]"
NEWS-0010,2026-03-02 13:45:00,news,"Tesla recalls 150,000 vehicles over steering assist software glitch. Tesla Inc announced an over-the-air recall for Model Y vehicles following consumer reports of intermittent power steering resistance during cold weather.",TSLA,-1.0,Product Launch,8,0.875,"Impact Score 8/10 derived from |sentiment|=1.00, event weight (Product Launch)=0.85, source (news)=1.00, entity (TSLA)=1.00. [Models: Financial Lexicon Fallback | Keyword Rule Fallback]"
NEWS-0011,2026-03-02 15:00:00,news,"Bank of America raises quarterly dividend by 10% following stress test approval. Bank of America Corp declared an increased capital distribution strategy, highlighting strong liquidity buffers and Tier 1 capital ratios.",BAC,1.0,Earnings,10,0.775,"Impact Score 10/10 derived from |sentiment|=1.00, event weight (Earnings)=0.95, source (news)=1.00, entity (BAC)=1.00. [Models: Financial Lexicon Fallback | Keyword Rule Fallback]"
NEWS-0012,2026-03-03 09:30:00,news,"Global semiconductor supply chain disruptions threaten auto production lines. Unforeseen factory outages in Southeast Asia have tightened microcontroller supplies, impacting global automotive assembly schedules.",TSLA,-1.0,Product Launch,8,0.75,"Impact Score 8/10 derived from |sentiment|=1.00, event weight (Product Launch)=0.85, source (news)=1.00, entity (TSLA)=1.00. [Models: Financial Lexicon Fallback | Keyword Rule Fallback]"
API-1791022563363,2026-10-03 15:46:03,news,Microsoft Azure cloud revenue surged 31% beating expectations,MSFT,0.8337,Earnings,8,0.75,"Impact Score 8/10 derived from |sentiment|=0.83, event weight (Earnings)=0.95, source (news)=1.00, entity (MSFT)=1.00. [Models: Financial Lexicon Fallback | Keyword Rule Fallback]"
NEWS-0001,2026-03-01 09:15:00,news,Federal Reserve signals potential rate hikes amid persistent inflation concerns. The Federal Reserve hinted at maintaining higher interest rates for longer as core inflation data remains stickier than anticipated. Markets expect tightening credit conditions across wholesale banking sectors.,JPM,-0.8337,Macroeconomic,10,0.95,"Impact Score 10/10 derived from |sentiment|=0.83, event weight (Macroeconomic)=1.15, source (news)=1.00, entity (JPM)=1.00. [Models: Financial Lexicon Fallback | Keyword Rule Fallback]"
TWEET-0001,2026-03-01 09:20:00,twitter,$NVDA breaking out to new all-time highs! Datacenter demand is insane #AI #Stocks,NVDA,0.0,Other,1,0.45,"Impact Score 1/10 derived from |sentiment|=0.00, event weight (Other)=0.70, source (twitter)=0.85, entity (NVDA)=1.00. [Models: Financial Lexicon Fallback | Keyword Rule Fallback]"
TWEET-0002,2026-03-01 10:05:00,twitter,$JPM exposure to commercial real estate loans could trigger credit downgrades if rates stay high,JPM,-0.537,Macroeconomic,5,0.7,"Impact Score 5/10 derived from |sentiment|=0.54, event weight (Macroeconomic)=1.15, source (twitter)=0.85, entity (JPM)=1.00. [Models: Financial Lexicon Fallback | Keyword Rule Fallback]"
NEWS-0002,2026-03-01 10:30:00,news,"NVIDIA unveils next-gen AI superchip architecture with 3x efficiency gains. NVIDIA announced its groundbreaking new Blackwell Ultra AI architecture at its annual tech summit, promising unprecedented compute power and major corporate data center adoption.",NVDA,0.8337,Product Launch,7,0.875,"Impact Score 7/10 derived from |sentiment|=0.83, event weight (Product Launch)=0.85, source (news)=1.00, entity (NVDA)=1.00. [Models: Financial Lexicon Fallback | Keyword Rule Fallback]"
NEWS-0003,2026-03-01 11:45:00,news,Geopolitical tensions in Strait of Hormuz escalate; crude oil surges 8%. Naval blockades and drone activity in key shipping lanes have disrupted global oil exports. Energy analysts warn of supply chain bottlenecks and elevated freight insurance premiums.,XOM,-0.537,Geopolitical,7,0.925,"Impact Score 7/10 derived from |sentiment|=0.54, event weight (Geopolitical)=1.25, source (news)=1.00, entity (XOM)=1.00. [Models: Financial Lexicon Fallback | Keyword Rule Fallback]"
TWEET-0003,2026-03-01 11:50:00,twitter,Oil spiking hard today! $XOM and $CVX printing cash flow right now 🛢️📈,XOM,0.0,Other,1,0.45,"Impact Score 1/10 derived from |sentiment|=0.00, event weight (Other)=0.70, source (twitter)=0.85, entity (XOM)=1.00. [Models: Financial Lexicon Fallback | Keyword Rule Fallback]"
NEWS-0004,2026-03-01 13:00:00,news,"JPMorgan Chase reports record Q1 investment banking revenue beating estimates. JPMorgan Chase & Co. delivered blowout quarterly earnings, driven by strong advisory fees and robust net interest income despite broader market volatility.",JPM,0.8337,Earnings,8,0.875,"Impact Score 8/10 derived from |sentiment|=0.83, event weight (Earnings)=0.95, source (news)=1.00, entity (JPM)=1.00. [Models: Financial Lexicon Fallback | Keyword Rule Fallback]"
TWEET-0004,2026-03-01 13:10:00,twitter,Rumors of massive layoffs and restructuring at $META incoming next week,META,0.0,Credit Event,1,0.6,"Impact Score 1/10 derived from |sentiment|=0.00, event weight (Credit Event)=1.30, source (twitter)=0.85, entity (META)=1.00. [Models: Financial Lexicon Fallback | Keyword Rule Fallback]"
NEWS-0005,2026-03-01 14:20:00,news,FDA issues unexpected warning letter to Pfizer regarding manufacturing facility. The US Food and Drug Administration issued a formal regulatory compliance notice to Pfizer concerning quality control standards at its key biologics plant.,PFE,-0.537,Regulatory,6,0.825,"Impact Score 6/10 derived from |sentiment|=0.54, event weight (Regulatory)=1.15, source (news)=1.00, entity (PFE)=1.00. [Models: Financial Lexicon Fallback | Keyword Rule Fallback]"
TWEET-0005,2026-03-01 14:30:00,twitter,Huge earnings beat for $MSFT! Azure growth completely blew past analyst consensus.,MSFT,0.8337,Earnings,7,0.75,"Impact Score 7/10 derived from |sentiment|=0.83, event weight (Earnings)=0.95, source (twitter)=0.85, entity (MSFT)=1.00. [Models: Financial Lexicon Fallback | Keyword Rule Fallback]"
NEWS-0006,2026-03-01 15:45:00,news,Apple acquires promising generative AI startup for $2.4 Billion. Apple Inc. finalized a multi-billion dollar acquisition to accelerate its on-device neural processing engine capabilities ahead of the upcoming iPhone launch.,AAPL,0.0,Merger/Acquisition,1,0.675,"Impact Score 1/10 derived from |sentiment|=0.00, event weight (Merger/Acquisition)=1.05, source (news)=1.00, entity (AAPL)=1.00. [Models: Financial Lexicon Fallback | Keyword Rule Fallback]"
NEWS-0007,2026-03-02 09:00:00,news,"Regional energy supplier files for Chapter 11 bankruptcy following derivative default. A major midstream energy contractor defaulted on $500 million in senior debt obligations, raising credit contagion risks for syndicate bank lenders.",CVX,-0.9837,Credit Event,10,0.95,"Impact Score 10/10 derived from |sentiment|=0.98, event weight (Credit Event)=1.30, source (news)=1.00, entity (CVX)=1.00. [Models: Financial Lexicon Fallback | Keyword Rule Fallback]"
TWEET-0006,2026-03-02 09:15:00,twitter,Regulatory scrutiny on Big Tech $GOOGL ad monopoly case wrapping up soon. High fine expected.,GOOGL,-0.8337,Regulatory,8,0.825,"Impact Score 8/10 derived from |sentiment|=0.83, event weight (Regulatory)=1.15, source (twitter)=0.85, entity (GOOGL)=1.00. [Models: Financial Lexicon Fallback | Keyword Rule Fallback]"
NEWS-0008,2026-03-02 10:15:00,news,"Microsoft Cloud Azure revenue accelerates 31% year-over-year. Microsoft reported strong cloud adoption across enterprise clients, boosting commercial cloud margins and forward growth guidance.",MSFT,0.9468,Earnings,9,0.875,"Impact Score 9/10 derived from |sentiment|=0.95, event weight (Earnings)=0.95, source (news)=1.00, entity (MSFT)=1.00. [Models: Financial Lexicon Fallback | Keyword Rule Fallback]"
TWEET-0007,2026-03-02 10:45:00,twitter,$AAPL Vision Pro sales surging in European markets ahead of target!,AAPL,0.537,Product Launch,4,0.7,"Impact Score 4/10 derived from |sentiment|=0.54, event weight (Product Launch)=0.85, source (twitter)=0.85, entity (AAPL)=1.00. [Models: Financial Lexicon Fallback | Keyword Rule Fallback]"
NEWS-0009,2026-03-02 11:30:00,news,EU Antitrust commission launches formal inquiry into Amazon marketplace pricing practices. European Union regulatory authorities opened an investigation into alleged anti-competitive merchant fee structures on Amazon's regional ecommerce platforms.,AMZN,-0.8337,Regulatory,10,0.875,"Impact Score 10/10 derived from |sentiment|=0.83, event weight (Regulatory)=1.15, source (news)=1.00, entity (AMZN)=1.00. [Models: Financial Lexicon Fallback | Keyword Rule Fallback]"
TWEET-0008,2026-03-02 12:00:00,twitter,Uncertainty in credit markets! Moody's warning on $BAC leverage metrics.,BAC,-0.537,Geopolitical,6,0.7,"Impact Score 6/10 derived from |sentiment|=0.54, event weight (Geopolitical)=1.25, source (twitter)=0.85, entity (BAC)=1.00. [Models: Financial Lexicon Fallback | Keyword Rule Fallback]"
NEWS-0010,2026-03-02 13:45:00,news,"Tesla recalls 150,000 vehicles over steering assist software glitch. Tesla Inc announced an over-the-air recall for Model Y vehicles following consumer reports of intermittent power steering resistance during cold weather.",TSLA,-0.9468,Product Launch,8,0.875,"Impact Score 8/10 derived from |sentiment|=0.95, event weight (Product Launch)=0.85, source (news)=1.00, entity (TSLA)=1.00. [Models: Financial Lexicon Fallback | Keyword Rule Fallback]"
NEWS-0011,2026-03-02 15:00:00,news,"Bank of America raises quarterly dividend by 10% following stress test approval. Bank of America Corp declared an increased capital distribution strategy, highlighting strong liquidity buffers and Tier 1 capital ratios.",BAC,0.537,Earnings,5,0.775,"Impact Score 5/10 derived from |sentiment|=0.54, event weight (Earnings)=0.95, source (news)=1.00, entity (BAC)=1.00. [Models: Financial Lexicon Fallback | Keyword Rule Fallback]"
NEWS-0012,2026-03-03 09:30:00,news,"Global semiconductor supply chain disruptions threaten auto production lines. Unforeseen factory outages in Southeast Asia have tightened microcontroller supplies, impacting global automotive assembly schedules.",TSLA,-0.8337,Product Launch,7,0.75,"Impact Score 7/10 derived from |sentiment|=0.83, event weight (Product Launch)=0.85, source (news)=1.00, entity (TSLA)=1.00. [Models: Financial Lexicon Fallback | Keyword Rule Fallback]"
API-1791022875565,2026-10-03 15:51:15,news,Microsoft Azure cloud revenue surged 31% beating expectations,MSFT,0.8337,Earnings,8,0.75,"Impact Score 8/10 derived from |sentiment|=0.83, event weight (Earnings)=0.95, source (news)=1.00, entity (MSFT)=1.00. [Models: Financial Lexicon Fallback | Keyword Rule Fallback]"
NEWS-0001,2026-03-01 09:15:00,news,Federal Reserve signals potential rate hikes amid persistent inflation concerns. The Federal Reserve hinted at maintaining higher interest rates for longer as core inflation data remains stickier than anticipated. Markets expect tightening credit conditions across wholesale banking sectors.,JPM,-0.8337,Macroeconomic,10,0.95,"Impact Score 10/10 derived from |sentiment|=0.83, event weight (Macroeconomic)=1.15, source (news)=1.00, entity (JPM)=1.00. [Models: Financial Lexicon Fallback | Keyword Rule Fallback]"
TWEET-0001,2026-03-01 09:20:00,twitter,$NVDA breaking out to new all-time highs! Datacenter demand is insane #AI #Stocks,NVDA,0.0,Other,1,0.45,"Impact Score 1/10 derived from |sentiment|=0.00, event weight (Other)=0.70, source (twitter)=0.85, entity (NVDA)=1.00. [Models: Financial Lexicon Fallback | Keyword Rule Fallback]"
TWEET-0002,2026-03-01 10:05:00,twitter,$JPM exposure to commercial real estate loans could trigger credit downgrades if rates stay high,JPM,-0.537,Macroeconomic,5,0.7,"Impact Score 5/10 derived from |sentiment|=0.54, event weight (Macroeconomic)=1.15, source (twitter)=0.85, entity (JPM)=1.00. [Models: Financial Lexicon Fallback | Keyword Rule Fallback]"
NEWS-0002,2026-03-01 10:30:00,news,"NVIDIA unveils next-gen AI superchip architecture with 3x efficiency gains. NVIDIA announced its groundbreaking new Blackwell Ultra AI architecture at its annual tech summit, promising unprecedented compute power and major corporate data center adoption.",NVDA,0.8337,Product Launch,7,0.875,"Impact Score 7/10 derived from |sentiment|=0.83, event weight (Product Launch)=0.85, source (news)=1.00, entity (NVDA)=1.00. [Models: Financial Lexicon Fallback | Keyword Rule Fallback]"
NEWS-0003,2026-03-01 11:45:00,news,Geopolitical tensions in Strait of Hormuz escalate; crude oil surges 8%. Naval blockades and drone activity in key shipping lanes have disrupted global oil exports. Energy analysts warn of supply chain bottlenecks and elevated freight insurance premiums.,XOM,-0.537,Geopolitical,7,0.925,"Impact Score 7/10 derived from |sentiment|=0.54, event weight (Geopolitical)=1.25, source (news)=1.00, entity (XOM)=1.00. [Models: Financial Lexicon Fallback | Keyword Rule Fallback]"
TWEET-0003,2026-03-01 11:50:00,twitter,Oil spiking hard today! $XOM and $CVX printing cash flow right now 🛢️📈,XOM,0.0,Other,1,0.45,"Impact Score 1/10 derived from |sentiment|=0.00, event weight (Other)=0.70, source (twitter)=0.85, entity (XOM)=1.00. [Models: Financial Lexicon Fallback | Keyword Rule Fallback]"
NEWS-0004,2026-03-01 13:00:00,news,"JPMorgan Chase reports record Q1 investment banking revenue beating estimates. JPMorgan Chase & Co. delivered blowout quarterly earnings, driven by strong advisory fees and robust net interest income despite broader market volatility.",JPM,0.8337,Earnings,8,0.875,"Impact Score 8/10 derived from |sentiment|=0.83, event weight (Earnings)=0.95, source (news)=1.00, entity (JPM)=1.00. [Models: Financial Lexicon Fallback | Keyword Rule Fallback]"
TWEET-0004,2026-03-01 13:10:00,twitter,Rumors of massive layoffs and restructuring at $META incoming next week,META,0.0,Credit Event,1,0.6,"Impact Score 1/10 derived from |sentiment|=0.00, event weight (Credit Event)=1.30, source (twitter)=0.85, entity (META)=1.00. [Models: Financial Lexicon Fallback | Keyword Rule Fallback]"
NEWS-0005,2026-03-01 14:20:00,news,FDA issues unexpected warning letter to Pfizer regarding manufacturing facility. The US Food and Drug Administration issued a formal regulatory compliance notice to Pfizer concerning quality control standards at its key biologics plant.,PFE,-0.537,Regulatory,6,0.825,"Impact Score 6/10 derived from |sentiment|=0.54, event weight (Regulatory)=1.15, source (news)=1.00, entity (PFE)=1.00. [Models: Financial Lexicon Fallback | Keyword Rule Fallback]"
TWEET-0005,2026-03-01 14:30:00,twitter,Huge earnings beat for $MSFT! Azure growth completely blew past analyst consensus.,MSFT,0.8337,Earnings,7,0.75,"Impact Score 7/10 derived from |sentiment|=0.83, event weight (Earnings)=0.95, source (twitter)=0.85, entity (MSFT)=1.00. [Models: Financial Lexicon Fallback | Keyword Rule Fallback]"
NEWS-0006,2026-03-01 15:45:00,news,Apple acquires promising generative AI startup for $2.4 Billion. Apple Inc. finalized a multi-billion dollar acquisition to accelerate its on-device neural processing engine capabilities ahead of the upcoming iPhone launch.,AAPL,0.0,Merger/Acquisition,1,0.675,"Impact Score 1/10 derived from |sentiment|=0.00, event weight (Merger/Acquisition)=1.05, source (news)=1.00, entity (AAPL)=1.00. [Models: Financial Lexicon Fallback | Keyword Rule Fallback]"
NEWS-0007,2026-03-02 09:00:00,news,"Regional energy supplier files for Chapter 11 bankruptcy following derivative default. A major midstream energy contractor defaulted on $500 million in senior debt obligations, raising credit contagion risks for syndicate bank lenders.",CVX,-0.9837,Credit Event,10,0.95,"Impact Score 10/10 derived from |sentiment|=0.98, event weight (Credit Event)=1.30, source (news)=1.00, entity (CVX)=1.00. [Models: Financial Lexicon Fallback | Keyword Rule Fallback]"
TWEET-0006,2026-03-02 09:15:00,twitter,Regulatory scrutiny on Big Tech $GOOGL ad monopoly case wrapping up soon. High fine expected.,GOOGL,-0.8337,Regulatory,8,0.825,"Impact Score 8/10 derived from |sentiment|=0.83, event weight (Regulatory)=1.15, source (twitter)=0.85, entity (GOOGL)=1.00. [Models: Financial Lexicon Fallback | Keyword Rule Fallback]"
NEWS-0008,2026-03-02 10:15:00,news,"Microsoft Cloud Azure revenue accelerates 31% year-over-year. Microsoft reported strong cloud adoption across enterprise clients, boosting commercial cloud margins and forward growth guidance.",MSFT,0.9468,Earnings,9,0.875,"Impact Score 9/10 derived from |sentiment|=0.95, event weight (Earnings)=0.95, source (news)=1.00, entity (MSFT)=1.00. [Models: Financial Lexicon Fallback | Keyword Rule Fallback]"
TWEET-0007,2026-03-02 10:45:00,twitter,$AAPL Vision Pro sales surging in European markets ahead of target!,AAPL,0.537,Product Launch,4,0.7,"Impact Score 4/10 derived from |sentiment|=0.54, event weight (Product Launch)=0.85, source (twitter)=0.85, entity (AAPL)=1.00. [Models: Financial Lexicon Fallback | Keyword Rule Fallback]"
NEWS-0009,2026-03-02 11:30:00,news,EU Antitrust commission launches formal inquiry into Amazon marketplace pricing practices. European Union regulatory authorities opened an investigation into alleged anti-competitive merchant fee structures on Amazon's regional ecommerce platforms.,AMZN,-0.8337,Regulatory,10,0.875,"Impact Score 10/10 derived from |sentiment|=0.83, event weight (Regulatory)=1.15, source (news)=1.00, entity (AMZN)=1.00. [Models: Financial Lexicon Fallback | Keyword Rule Fallback]"
TWEET-0008,2026-03-02 12:00:00,twitter,Uncertainty in credit markets! Moody's warning on $BAC leverage metrics.,BAC,-0.537,Geopolitical,6,0.7,"Impact Score 6/10 derived from |sentiment|=0.54, event weight (Geopolitical)=1.25, source (twitter)=0.85, entity (BAC)=1.00. [Models: Financial Lexicon Fallback | Keyword Rule Fallback]"
NEWS-0010,2026-03-02 13:45:00,news,"Tesla recalls 150,000 vehicles over steering assist software glitch. Tesla Inc announced an over-the-air recall for Model Y vehicles following consumer reports of intermittent power steering resistance during cold weather.",TSLA,-0.9468,Product Launch,8,0.875,"Impact Score 8/10 derived from |sentiment|=0.95, event weight (Product Launch)=0.85, source (news)=1.00, entity (TSLA)=1.00. [Models: Financial Lexicon Fallback | Keyword Rule Fallback]"
NEWS-0011,2026-03-02 15:00:00,news,"Bank of America raises quarterly dividend by 10% following stress test approval. Bank of America Corp declared an increased capital distribution strategy, highlighting strong liquidity buffers and Tier 1 capital ratios.",BAC,0.537,Earnings,5,0.775,"Impact Score 5/10 derived from |sentiment|=0.54, event weight (Earnings)=0.95, source (news)=1.00, entity (BAC)=1.00. [Models: Financial Lexicon Fallback | Keyword Rule Fallback]"
NEWS-0012,2026-03-03 09:30:00,news,"Global semiconductor supply chain disruptions threaten auto production lines. Unforeseen factory outages in Southeast Asia have tightened microcontroller supplies, impacting global automotive assembly schedules.",TSLA,-0.8337,Product Launch,7,0.75,"Impact Score 7/10 derived from |sentiment|=0.83, event weight (Product Launch)=0.85, source (news)=1.00, entity (TSLA)=1.00. [Models: Financial Lexicon Fallback | Keyword Rule Fallback]"
